0E6354B8-3DC3-11E8-A5CA-3FA3753A265A	{'netflow': '10.0.6.23:123 10.0.4.1:123'}	106347
1AD39F36-3DC3-11E8-A5CB-3FA3753A265A	{'netflow': '128.55.12.73:143 128.55.12.55:49262'}	106379
80F8135E-3EA6-11E8-A5CB-3FA3753A265A	{'netflow': '128.55.12.73:143 128.55.12.67:61216'}	117292
84A65C3C-3EA6-11E8-A5CB-3FA3753A265A	{'netflow': '128.55.12.73:143 128.55.12.67:61218'}	117298
84FD861A-3EA6-11E8-A5CB-3FA3753A265A	{'netflow': '128.55.12.73:143 128.55.12.67:61219'}	117301
853C764F-3EA6-11E8-A5CB-3FA3753A265A	{'netflow': '128.55.12.73:143 128.55.12.67:61220'}	117304
8FCECD49-3EF9-11E8-A5CB-3FA3753A265A	{'netflow': 'localhost:-1 128.55.12.10:53'}	120270
B3D82956-3EF9-11E8-A5CB-3FA3753A265A	{'netflow': 'localhost:-1 128.55.12.10:53'}	120272
D7E03E63-3EF9-11E8-A5CB-3FA3753A265A	{'netflow': 'localhost:-1 128.55.12.10:53'}	120274
FBF8F9EE-3EF9-11E8-A5CB-3FA3753A265A	{'netflow': 'localhost:-1 128.55.12.10:53'}	120276
200704E7-3EFA-11E8-A5CB-3FA3753A265A	{'netflow': 'localhost:-1 128.55.12.10:53'}	120280
441673DA-3EFA-11E8-A5CB-3FA3753A265A	{'netflow': 'localhost:-1 128.55.12.10:53'}	120282
6820191F-3EFA-11E8-A5CB-3FA3753A265A	{'netflow': 'localhost:-1 128.55.12.10:53'}	120284
8C2A8A76-3EFA-11E8-A5CB-3FA3753A265A	{'netflow': 'localhost:-1 128.55.12.10:53'}	120286
B0450FFB-3EFA-11E8-A5CB-3FA3753A265A	{'netflow': 'localhost:-1 128.55.12.10:53'}	120288
D457DBC6-3EFA-11E8-A5CB-3FA3753A265A	{'netflow': 'localhost:-1 128.55.12.10:53'}	120291
F8610BB8-3EFA-11E8-A5CB-3FA3753A265A	{'netflow': 'localhost:-1 128.55.12.10:53'}	120293
1C6C610E-3EFB-11E8-A5CB-3FA3753A265A	{'netflow': 'localhost:-1 128.55.12.10:53'}	120295
25F63036-3EFB-11E8-A5CB-3FA3753A265A	{'netflow': '128.55.12.73:143 128.55.12.166:35719'}	120297
26015486-3EFB-11E8-A5CB-3FA3753A265A	{'netflow': 'localhost:-1 128.55.12.10:53'}	120298
2614065E-3EFB-11E8-A5CB-3FA3753A265A	{'netflow': 'localhost:-1 128.55.12.10:53'}	120300
2683A434-3EFB-11E8-A5CB-3FA3753A265A	{'netflow': '128.55.12.73:143 128.55.12.166:49344'}	120302
268BDF2E-3EFB-11E8-A5CB-3FA3753A265A	{'netflow': 'localhost:-1 128.55.12.10:53'}	120303
269802A5-3EFB-11E8-A5CB-3FA3753A265A	{'netflow': 'localhost:-1 128.55.12.10:53'}	120305
407168B1-3EFB-11E8-A5CB-3FA3753A265A	{'netflow': 'localhost:-1 128.55.12.10:53'}	120307
DE7FB6B3-3DC7-11E8-A5CB-3FA3753A265A	{'subject': 'None bash'}	262477
1131CD42-3DC3-11E8-A5CA-3FA3753A265A	{'subject': 'None python2.7'}	262480
0E3F4654-3DC3-11E8-A5CA-3FA3753A265A	{'subject': 'None ntpd'}	262483
0D4F1D78-3DC3-11E8-A5CA-3FA3753A265A	{'subject': 'None syslogd'}	262488
1196ABC1-3DC3-11E8-A5CA-3FA3753A265A	{'subject': 'None master'}	262500
1AC357D0-3DC3-11E8-A5CB-3FA3753A265A	{'subject': 'None cron'}	262552
11987B6F-3DC3-11E8-A5CA-3FA3753A265A	{'subject': 'None qmgr'}	262566
1AD10217-3DC3-11E8-A5CB-3FA3753A265A	{'subject': 'None inetd'}	262577
0D13CF40-3DC3-11E8-A5CA-3FA3753A265A	{'subject': 'None dhclient'}	263181
80F82AAB-3EA6-11E8-A5CB-3FA3753A265A	{'subject': 'None imapd'}	286057
84A67D60-3EA6-11E8-A5CB-3FA3753A265A	{'subject': 'None imapd'}	286063
84FDA82A-3EA6-11E8-A5CB-3FA3753A265A	{'subject': 'None imapd'}	286064
853C8E17-3EA6-11E8-A5CB-3FA3753A265A	{'subject': 'None imapd'}	286065
7F66CD71-3EF6-11E8-A5CB-3FA3753A265A	{'subject': 'None pickup'}	293599
6BCADBFF-3EF9-11E8-A5CB-3FA3753A265A	{'subject': 'None sleep'}	293868
8DC657F6-3EF9-11E8-A5CB-3FA3753A265A	{'subject': 'None vmstat'}	293869
8DD00DF8-3EF9-11E8-A5CB-3FA3753A265A	{'subject': 'None sleep'}	293870
8E6CCE16-3EF9-11E8-A5CB-3FA3753A265A	{'subject': 'None vmstat'}	293871
8E715C53-3EF9-11E8-A5CB-3FA3753A265A	{'subject': 'None sleep'}	293872
8F0D0745-3EF9-11E8-A5CB-3FA3753A265A	{'subject': 'None top'}	293873
8F0D2A53-3EF9-11E8-A5CB-3FA3753A265A	{'subject': 'None head'}	293874
8F14EE8F-3EF9-11E8-A5CB-3FA3753A265A	{'subject': 'None sleep'}	293875
8FB1B1CD-3EF9-11E8-A5CB-3FA3753A265A	{'subject': 'None date'}	293876
8FB36A41-3EF9-11E8-A5CB-3FA3753A265A	{'subject': 'None lsof'}	293877
8FD71600-3EF9-11E8-A5CB-3FA3753A265A	{'subject': 'None sleep'}	293878
B1D2DD42-3EF9-11E8-A5CB-3FA3753A265A	{'subject': 'None vmstat'}	293879
B1DCC9F0-3EF9-11E8-A5CB-3FA3753A265A	{'subject': 'None sleep'}	293880
B277B005-3EF9-11E8-A5CB-3FA3753A265A	{'subject': 'None vmstat'}	293881
B27DB0C6-3EF9-11E8-A5CB-3FA3753A265A	{'subject': 'None sleep'}	293882
B317E6CF-3EF9-11E8-A5CB-3FA3753A265A	{'subject': 'None top'}	293883
B3181C5B-3EF9-11E8-A5CB-3FA3753A265A	{'subject': 'None head'}	293884
B31FDD1A-3EF9-11E8-A5CB-3FA3753A265A	{'subject': 'None sleep'}	293885
B3BB2388-3EF9-11E8-A5CB-3FA3753A265A	{'subject': 'None date'}	293886
B3BCD5FE-3EF9-11E8-A5CB-3FA3753A265A	{'subject': 'None lsof'}	293887
B3DDA323-3EF9-11E8-A5CB-3FA3753A265A	{'subject': 'None sleep'}	293888
BE9BF711-3EF9-11E8-A5CB-3FA3753A265A	{'subject': 'None cron'}	293889
BE9C3975-3EF9-11E8-A5CB-3FA3753A265A	{'subject': 'None atrun'}	293890
D5DACE26-3EF9-11E8-A5CB-3FA3753A265A	{'subject': 'None vmstat'}	293891
D5E4D174-3EF9-11E8-A5CB-3FA3753A265A	{'subject': 'None sleep'}	293892
D67FB2AF-3EF9-11E8-A5CB-3FA3753A265A	{'subject': 'None vmstat'}	293893
D6843129-3EF9-11E8-A5CB-3FA3753A265A	{'subject': 'None sleep'}	293894
D71FFC0F-3EF9-11E8-A5CB-3FA3753A265A	{'subject': 'None top'}	293895
D72030D0-3EF9-11E8-A5CB-3FA3753A265A	{'subject': 'None head'}	293896
D727BA26-3EF9-11E8-A5CB-3FA3753A265A	{'subject': 'None sleep'}	293897
D7C32EDC-3EF9-11E8-A5CB-3FA3753A265A	{'subject': 'None date'}	293898
D7C4E50A-3EF9-11E8-A5CB-3FA3753A265A	{'subject': 'None lsof'}	293899
D7E57A74-3EF9-11E8-A5CB-3FA3753A265A	{'subject': 'None sleep'}	293900
F9E13D78-3EF9-11E8-A5CB-3FA3753A265A	{'subject': 'None vmstat'}	293901
F9EB4CD7-3EF9-11E8-A5CB-3FA3753A265A	{'subject': 'None sleep'}	293902
FA878A54-3EF9-11E8-A5CB-3FA3753A265A	{'subject': 'None vmstat'}	293903
FA8BD95C-3EF9-11E8-A5CB-3FA3753A265A	{'subject': 'None sleep'}	293904
FB27D91A-3EF9-11E8-A5CB-3FA3753A265A	{'subject': 'None top'}	293905
FB280E2D-3EF9-11E8-A5CB-3FA3753A265A	{'subject': 'None head'}	293906
FB30D9C5-3EF9-11E8-A5CB-3FA3753A265A	{'subject': 'None sleep'}	293907
FBCCA6DE-3EF9-11E8-A5CB-3FA3753A265A	{'subject': 'None date'}	293908
FBCE7285-3EF9-11E8-A5CB-3FA3753A265A	{'subject': 'None lsof'}	293909
FC00DA8B-3EF9-11E8-A5CB-3FA3753A265A	{'subject': 'None sleep'}	293910
1DFE98DB-3EFA-11E8-A5CB-3FA3753A265A	{'subject': 'None vmstat'}	293911
1E088480-3EFA-11E8-A5CB-3FA3753A265A	{'subject': 'None sleep'}	293912
1EA34C5E-3EFA-11E8-A5CB-3FA3753A265A	{'subject': 'None vmstat'}	293913
1EA7BBA4-3EFA-11E8-A5CB-3FA3753A265A	{'subject': 'None sleep'}	293914
1F4395ED-3EFA-11E8-A5CB-3FA3753A265A	{'subject': 'None top'}	293915
1F43B83B-3EFA-11E8-A5CB-3FA3753A265A	{'subject': 'None head'}	293916
1F4D041D-3EFA-11E8-A5CB-3FA3753A265A	{'subject': 'None sleep'}	293917
1FE9F68C-3EFA-11E8-A5CB-3FA3753A265A	{'subject': 'None date'}	293918
1FEBB390-3EFA-11E8-A5CB-3FA3753A265A	{'subject': 'None lsof'}	293919
200C2E88-3EFA-11E8-A5CB-3FA3753A265A	{'subject': 'None sleep'}	293920
4207FED3-3EFA-11E8-A5CB-3FA3753A265A	{'subject': 'None vmstat'}	293921
4216844C-3EFA-11E8-A5CB-3FA3753A265A	{'subject': 'None sleep'}	293922
42B15A8A-3EFA-11E8-A5CB-3FA3753A265A	{'subject': 'None vmstat'}	293923
42B82CE3-3EFA-11E8-A5CB-3FA3753A265A	{'subject': 'None sleep'}	293924
4354A94D-3EFA-11E8-A5CB-3FA3753A265A	{'subject': 'None top'}	293925
4354CB49-3EFA-11E8-A5CB-3FA3753A265A	{'subject': 'None head'}	293926
435D8F8F-3EFA-11E8-A5CB-3FA3753A265A	{'subject': 'None sleep'}	293927
43F97565-3EFA-11E8-A5CB-3FA3753A265A	{'subject': 'None date'}	293928
43FB2701-3EFA-11E8-A5CB-3FA3753A265A	{'subject': 'None lsof'}	293929
441B9CB5-3EFA-11E8-A5CB-3FA3753A265A	{'subject': 'None sleep'}	293930
51C4D5B6-3EFA-11E8-A5CB-3FA3753A265A	{'subject': 'None imapd'}	293931
51C4E081-3EFA-11E8-A5CB-3FA3753A265A	{'subject': 'None mlock'}	293932
66178B23-3EFA-11E8-A5CB-3FA3753A265A	{'subject': 'None vmstat'}	293933
66212C7A-3EFA-11E8-A5CB-3FA3753A265A	{'subject': 'None sleep'}	293934
66BDFC0C-3EFA-11E8-A5CB-3FA3753A265A	{'subject': 'None vmstat'}	293935
66C4C069-3EFA-11E8-A5CB-3FA3753A265A	{'subject': 'None sleep'}	293936
675FC8D7-3EFA-11E8-A5CB-3FA3753A265A	{'subject': 'None top'}	293937
675FEBAC-3EFA-11E8-A5CB-3FA3753A265A	{'subject': 'None head'}	293938
67679CA9-3EFA-11E8-A5CB-3FA3753A265A	{'subject': 'None sleep'}	293939
6802F937-3EFA-11E8-A5CB-3FA3753A265A	{'subject': 'None date'}	293940
6804B165-3EFA-11E8-A5CB-3FA3753A265A	{'subject': 'None lsof'}	293941
6825305E-3EFA-11E8-A5CB-3FA3753A265A	{'subject': 'None sleep'}	293942
716922EE-3EFA-11E8-A5CB-3FA3753A265A	{'subject': 'None cron'}	293943
71695E78-3EFA-11E8-A5CB-3FA3753A265A	{'subject': 'None atrun'}	293944
8A210531-3EFA-11E8-A5CB-3FA3753A265A	{'subject': 'None vmstat'}	293945
8A2A92B5-3EFA-11E8-A5CB-3FA3753A265A	{'subject': 'None sleep'}	293946
8AC5D935-3EFA-11E8-A5CB-3FA3753A265A	{'subject': 'None vmstat'}	293947
8ACCB8E5-3EFA-11E8-A5CB-3FA3753A265A	{'subject': 'None sleep'}	293948
8B679716-3EFA-11E8-A5CB-3FA3753A265A	{'subject': 'None top'}	293949
8B67B9FA-3EFA-11E8-A5CB-3FA3753A265A	{'subject': 'None head'}	293950
8B6F809B-3EFA-11E8-A5CB-3FA3753A265A	{'subject': 'None sleep'}	293951
8C0C7568-3EFA-11E8-A5CB-3FA3753A265A	{'subject': 'None date'}	293952
8C0E264F-3EFA-11E8-A5CB-3FA3753A265A	{'subject': 'None lsof'}	293953
8C328D24-3EFA-11E8-A5CB-3FA3753A265A	{'subject': 'None sleep'}	293954
952C7D4B-3EFA-11E8-A5CB-3FA3753A265A	{'subject': 'None cron'}	293955
952CC571-3EFA-11E8-A5CB-3FA3753A265A	{'subject': 'None sh'}	293956
95373AE0-3EFA-11E8-A5CB-3FA3753A265A	{'subject': 'None sysctl'}	293957
95393AA1-3EFA-11E8-A5CB-3FA3753A265A	{'subject': 'None unlink'}	293958
953AF0AA-3EFA-11E8-A5CB-3FA3753A265A	{'subject': 'None mv'}	293959
953C51A2-3EFA-11E8-A5CB-3FA3753A265A	{'subject': 'None mv'}	293960
953DAC60-3EFA-11E8-A5CB-3FA3753A265A	{'subject': 'None mv'}	293961
953F0B31-3EFA-11E8-A5CB-3FA3753A265A	{'subject': 'None mv'}	293962
954064B7-3EFA-11E8-A5CB-3FA3753A265A	{'subject': 'None mv'}	293963
9541D438-3EFA-11E8-A5CB-3FA3753A265A	{'subject': 'None mv'}	293964
9543D80B-3EFA-11E8-A5CB-3FA3753A265A	{'subject': 'None mv'}	293965
9545C8C2-3EFA-11E8-A5CB-3FA3753A265A	{'subject': 'None dd'}	293966
AE353B64-3EFA-11E8-A5CB-3FA3753A265A	{'subject': 'None vmstat'}	293967
AE420F6B-3EFA-11E8-A5CB-3FA3753A265A	{'subject': 'None sleep'}	293968
AEE1B053-3EFA-11E8-A5CB-3FA3753A265A	{'subject': 'None vmstat'}	293969
AEE64298-3EFA-11E8-A5CB-3FA3753A265A	{'subject': 'None sleep'}	293970
AF81EFC8-3EFA-11E8-A5CB-3FA3753A265A	{'subject': 'None top'}	293971
AF821273-3EFA-11E8-A5CB-3FA3753A265A	{'subject': 'None head'}	293972
AF8B30FD-3EFA-11E8-A5CB-3FA3753A265A	{'subject': 'None sleep'}	293973
B02823BB-3EFA-11E8-A5CB-3FA3753A265A	{'subject': 'None date'}	293974
B029CE34-3EFA-11E8-A5CB-3FA3753A265A	{'subject': 'None lsof'}	293975
B04A2DC7-3EFA-11E8-A5CB-3FA3753A265A	{'subject': 'None sleep'}	293976
D2465AF4-3EFA-11E8-A5CB-3FA3753A265A	{'subject': 'None vmstat'}	293977
D255F62C-3EFA-11E8-A5CB-3FA3753A265A	{'subject': 'None sleep'}	293978
D2F128BA-3EFA-11E8-A5CB-3FA3753A265A	{'subject': 'None vmstat'}	293979
D2F8165E-3EFA-11E8-A5CB-3FA3753A265A	{'subject': 'None sleep'}	293980
D3931485-3EFA-11E8-A5CB-3FA3753A265A	{'subject': 'None top'}	293981
D39336D0-3EFA-11E8-A5CB-3FA3753A265A	{'subject': 'None head'}	293982
D39EE909-3EFA-11E8-A5CB-3FA3753A265A	{'subject': 'None sleep'}	293983
D43ACF0D-3EFA-11E8-A5CB-3FA3753A265A	{'subject': 'None date'}	293984
D43C82A1-3EFA-11E8-A5CB-3FA3753A265A	{'subject': 'None lsof'}	293985
D45D0232-3EFA-11E8-A5CB-3FA3753A265A	{'subject': 'None sleep'}	293986
F65978D5-3EFA-11E8-A5CB-3FA3753A265A	{'subject': 'None vmstat'}	293987
F66370BA-3EFA-11E8-A5CB-3FA3753A265A	{'subject': 'None sleep'}	293988
F6FDD69B-3EFA-11E8-A5CB-3FA3753A265A	{'subject': 'None vmstat'}	293989
F7025877-3EFA-11E8-A5CB-3FA3753A265A	{'subject': 'None sleep'}	293990
F79F977E-3EFA-11E8-A5CB-3FA3753A265A	{'subject': 'None top'}	293991
F79FCA0F-3EFA-11E8-A5CB-3FA3753A265A	{'subject': 'None head'}	293992
F7A76BF0-3EFA-11E8-A5CB-3FA3753A265A	{'subject': 'None sleep'}	293993
F842C783-3EFA-11E8-A5CB-3FA3753A265A	{'subject': 'None date'}	293994
F8447EA0-3EFA-11E8-A5CB-3FA3753A265A	{'subject': 'None lsof'}	293995
F866550D-3EFA-11E8-A5CB-3FA3753A265A	{'subject': 'None sleep'}	293996
1A626220-3EFB-11E8-A5CB-3FA3753A265A	{'subject': 'None vmstat'}	293997
1A7194CA-3EFB-11E8-A5CB-3FA3753A265A	{'subject': 'None sleep'}	293998
1B0BAE74-3EFB-11E8-A5CB-3FA3753A265A	{'subject': 'None vmstat'}	293999
1B101FF3-3EFB-11E8-A5CB-3FA3753A265A	{'subject': 'None sleep'}	294000
1BAC172E-3EFB-11E8-A5CB-3FA3753A265A	{'subject': 'None top'}	294001
1BAC5139-3EFB-11E8-A5CB-3FA3753A265A	{'subject': 'None head'}	294002
1BB40F70-3EFB-11E8-A5CB-3FA3753A265A	{'subject': 'None sleep'}	294003
1C4F4734-3EFB-11E8-A5CB-3FA3753A265A	{'subject': 'None date'}	294004
1C50FB9B-3EFB-11E8-A5CB-3FA3753A265A	{'subject': 'None lsof'}	294005
1C716527-3EFB-11E8-A5CB-3FA3753A265A	{'subject': 'None sleep'}	294006
24366FD1-3EFB-11E8-A5CB-3FA3753A265A	{'subject': 'None cron'}	294007
2436AC18-3EFB-11E8-A5CB-3FA3753A265A	{'subject': 'None atrun'}	294008
25F64714-3EFB-11E8-A5CB-3FA3753A265A	{'subject': 'None imapd'}	294009
26182D09-3EFB-11E8-A5CB-3FA3753A265A	{'subject': 'None imapd'}	294010
261841A7-3EFB-11E8-A5CB-3FA3753A265A	{'subject': 'None mlock'}	294011
2683C7A3-3EFB-11E8-A5CB-3FA3753A265A	{'subject': 'None imapd'}	294012
3E6D54C2-3EFB-11E8-A5CB-3FA3753A265A	{'subject': 'None vmstat'}	294013
3E76EE64-3EFB-11E8-A5CB-3FA3753A265A	{'subject': 'None sleep'}	294014
3F121A6A-3EFB-11E8-A5CB-3FA3753A265A	{'subject': 'None vmstat'}	294015
3F16A5EA-3EFB-11E8-A5CB-3FA3753A265A	{'subject': 'None sleep'}	294016
3FB0DA5D-3EFB-11E8-A5CB-3FA3753A265A	{'subject': 'None top'}	294017
3FB0FE5A-3EFB-11E8-A5CB-3FA3753A265A	{'subject': 'None head'}	294018
3FB8B53A-3EFB-11E8-A5CB-3FA3753A265A	{'subject': 'None sleep'}	294019
405412CC-3EFB-11E8-A5CB-3FA3753A265A	{'subject': 'None date'}	294020
4055EBBF-3EFB-11E8-A5CB-3FA3753A265A	{'subject': 'None lsof'}	294021
4076DBF0-3EFB-11E8-A5CB-3FA3753A265A	{'subject': 'None sleep'}	294022
36CE0E7B-67F3-D35D-B367-D7539DD3AC7E	{'file': 'None'}	379478
51110606-D232-9652-B2D2-3A7242968F8A	{'file': 'None'}	379492
76A739B1-A13E-FD50-BEA1-B218A0FD0400	{'file': 'None'}	379494
F410BE96-4C0C-765E-8C4C-6F0E2E760020	{'file': 'None'}	379495
D57B2A07-B373-B75A-B3B3-93790AB76535	{'file': 'None'}	379507
D3F11983-FFD7-8A58-97FF-D38E388A1453	{'file': 'None'}	379509
9FF334BB-9072-D756-B290-556656D73728	{'file': 'None'}	379520
AE441C70-DEC0-BD5F-80DE-3DE4DFBDF253	{'file': 'None'}	379522
104A8C35-2200-3156-8022-4129E631EA52	{'file': 'None'}	379523
BCDBE64D-1703-005A-8317-44DD6A00589D	{'file': 'None'}	379524
F158CE4A-8B60-6855-A08B-FE9DD568D823	{'file': 'None'}	379525
0BDFF2F1-558E-765C-8E55-BF7C8C76594B	{'file': 'None'}	379528
308E149F-F225-9859-A5F2-8C9BB9983D48	{'file': 'None'}	379533
CF1CFFEE-DF5A-7256-9ADF-2A4636725BAD	{'file': 'None'}	379540
3D97AF44-5626-6855-A656-4616B5688F7E	{'file': 'None'}	379541
96FEA8F0-71C6-475F-8671-74C50F475F59	{'file': 'None'}	379542
138A32A2-DAFE-1D55-BEDA-6867451D60C4	{'file': 'None'}	379544
9B091956-B243-9D58-83B2-D0F2D89DB317	{'file': 'None'}	379572
C9C7B5D9-162B-4C5E-AB16-2EB66E4C9E3D	{'file': 'kernel_mem.txt'}	379573
330061CF-6BB3-C45E-B36B-B89D7EC4F443	{'file': '/usr/bin/vmstat'}	379574
FC2CA9A1-1BCF-8B57-8F1B-A854778B9026	{'file': 'None'}	379575
718F288D-A702-1B5D-82A7-80807D1BB326	{'file': 'None'}	379576
4F909471-32BE-7C54-BE32-1D05C47CA876	{'file': 'None'}	379577
0905A02C-D979-5D57-B9D9-F12D475D7A9B	{'file': 'None'}	379578
F29977F6-07A2-935B-A207-C4871B93FE07	{'file': 'None'}	379579
6C836AA2-BB54-3A58-94BB-1E5D583A637E	{'file': '/bin/sleep'}	379580
52462868-1826-105B-A618-1A818B1074F8	{'file': 'kernel_zones.txt'}	379583
9D6CE3F1-AA37-D656-B7AA-BA6D46D61C69	{'file': '/usr/bin/top'}	379586
16865EB3-F79B-CD56-9BF7-09D3F6CD5681	{'file': 'top_procs.txt'}	379587
7A1B4973-09E5-AA50-A509-1753C0AA87A1	{'file': 'None'}	379588
91207D42-8B6E-6454-AE8B-D3FF24648D84	{'file': '/usr/bin/head'}	379589
1633500B-D34B-8058-8BD3-ABB7D880915E	{'file': 'None'}	379590
D5D2F4F4-4EC5-6456-854E-5E2A46640650	{'file': 'None'}	379591
0A5174D8-80FB-4258-BB80-C79A98427D6A	{'file': '/bin/date'}	379594
5B0E198E-D513-7E56-93D5-C836367E8847	{'file': '/data/gather_stats_uma.txt'}	379595
76899EA5-9D25-4352-A59D-8CB74243F4C0	{'file': '/usr/local/sbin/lsof'}	379596
EDC9C006-38C1-1659-8138-925D3916B899	{'file': '/dev/mem'}	379597
0C51AAE3-0594-4A51-9405-4FC4214A0041	{'file': '/dev/kmem'}	379598
9F924E33-11DC-C954-9C11-ABA0F4C94D90	{'file': 'None'}	379600
C6372CCF-39E0-835A-A039-155BFA837272	{'file': 'None'}	379601
2F088072-F622-7354-A2F6-2AA974734AA9	{'file': 'None'}	379602
586C56DA-CB56-745E-96CB-52069E742598	{'file': 'None'}	379662
0C491249-5928-4859-A859-F894F9484580	{'file': '/usr/local/libexec/mlock'}	379752
B7F97F36-D8FD-1B5F-BDD8-81B94F1B0F75	{'file': 'None'}	379767
CEE6589C-8C59-1556-998C-BCE606155D40	{'file': 'None'}	379789
9A717117-65ED-675C-AD65-38102C67C832	{'file': 'None'}	379791
74BBE554-23FD-D455-BD23-D32CC5D43B28	{'file': '/bin/sh'}	379831
198422DC-10D0-CE5E-9010-9A117ECE544A	{'file': 'None'}	379832
A4BAD1A7-0998-E25F-9809-6976BFE2D62B	{'file': 'None'}	379858
B114913B-16CD-B458-8D16-B74788B45D44	{'file': 'None'}	379959
23DB7793-0FE5-8E5A-A50F-DA502A8E4AC0	{'file': '/usr/local/libexec/imapd'}	379960
81E948F9-155B-FE52-9B15-E39CA2FEB54F	{'file': 'None'}	379961
A35A5036-6FC3-705F-836F-E8E2CF700D63	{'file': 'None'}	379962
AAB2E17F-C945-7655-85C9-8003C5763C5B	{'file': 'None'}	379965
6CF90254-3967-AE51-A739-A48641AEB4A8	{'file': 'None'}	379966
CDCC3B47-0499-AF5C-9904-5D2FBCAFBD4B	{'file': 'None'}	379967
234D9DA9-A60B-2A52-8BA6-FAF9C22A33EA	{'file': '/var/mail/bob'}	379969
E74CDE76-8695-C450-9586-73B620C491E4	{'file': '/usr/libexec/atrun'}	380194
5CD5DED0-2DB9-C95C-B92D-806E4CC9F132	{'file': 'None'}	380195
758698C3-14D5-875E-9514-42B6BE87BFCF	{'file': 'None'}	380251
54A0A005-E1ED-A45B-ADE1-B544DBA47444	{'file': 'None'}	380287
46B643EB-27AA-4C5E-AA27-F55CCE4C898E	{'file': 'None'}	380421
01E45E62-2A04-375F-842A-18619F37D37C	{'file': 'None'}	380422
1355E1C5-18A4-9C59-A418-A384299CEB8D	{'file': 'None'}	380423
6FE3903C-A612-1C55-92A6-BB47351C923C	{'file': 'None'}	380424
D5235A8B-4E2C-D054-AC4E-4B9034D0AEBD	{'file': 'None'}	381182
7C9E0A46-2483-B557-8324-5B3787B546DB	{'file': 'None'}	381183
57F827AD-72E1-4D5F-A172-972C2F4DC222	{'file': 'None'}	381184
FF3ACDF1-8644-C855-8486-49ED75C8E001	{'file': 'None'}	381185
E6C415FB-81E9-AF56-A981-FBF566AFB1C0	{'file': '/sbin/sysctl'}	381186
695FFEDE-83E5-DB5F-A583-424A4FDBF5B2	{'file': 'None'}	381187
B99039A0-2AD3-8C53-932A-2DC6738CD33F	{'file': '/bin/mv'}	381188
D18E1982-48E4-2C50-A448-52EA502CC4D0	{'file': '/bin/dd'}	381194
416AB837-8E42-6D58-828E-6976586D8E68	{'file': '/dev/random'}	381195
2B7472BC-5C25-095D-A55C-468C5D09349A	{'file': '/bin/rm'}	382259
77589C47-74F2-4456-B274-FF1F9644A110	{'file': '/dev/bpf0'}	385119
E2463C1E-864A-3A56-8A86-EF8AA63AC6C4	{'file': 'None'}	433356
7BB64302-E9AB-C851-ABE9-3BC291C8DCD2	{'file': 'None'}	1059005
637144BE-B0AB-F95B-ABB0-E1B3BBF90FB5	{'file': 'None'}	1059007
0D4EB7CE-3DC3-11E8-A5CA-3FA3753A265A	{'file': 'None'}	1528254
11971B39-3DC3-11E8-A5CA-3FA3753A265A	{'file': 'None'}	1528306
11972FC4-3DC3-11E8-A5CA-3FA3753A265A	{'file': 'None'}	1528307
11972F99-3DC3-11E8-A5CA-3FA3753A265A	{'file': 'None'}	1528309
D9FF96CA-81BD-3E53-BD81-EF8AB33E6CFB	{'file': 'None'}	1528701
2845BCEE-374F-995E-8F37-7F5EEE996CD5	{'file': '/var/log/cron'}	1528703
11974547-3DC3-11E8-A5CA-3FA3753A265A	{'file': 'None'}	1528856
11975752-3DC3-11E8-A5CA-3FA3753A265A	{'file': 'None'}	1528857
11975728-3DC3-11E8-A5CA-3FA3753A265A	{'file': 'None'}	1528859
C9C4BB6A-772B-D251-AB77-7DD571D244B1	{'file': 'None'}	1528961
7C83201C-2289-5D5C-8922-11AC0C5D577B	{'file': '/var/log/debug.log'}	1528963
1AD3A504-3DC3-11E8-A5CB-3FA3753A265A	{'file': 'None'}	1529149
1AD3A492-3DC3-11E8-A5CB-3FA3753A265A	{'file': 'None'}	1529150
24782D99-5286-465D-8652-63817D46C1BD	{'file': 'None'}	1585621
451C4E2B-B458-5B58-98B4-9B22C85BD5E1	{'file': 'None'}	1585875
080D832D-9786-D956-8697-1BDD26D92174	{'file': 'None'}	1684489
23B01FB0-44E6-545F-A644-B90C3F54BD7C	{'file': '/tmp/.31.29adb'}	1766000
574B9F86-1B42-A558-821B-475078A5C0E5	{'file': '/var/db/entropy/saved-entropy.8'}	1840831
405EBA81-3073-1A51-B330-2E45C11A1EE5	{'file': '/var/db/entropy/saved-entropy.8'}	1841465
2F2C6F9C-BD3C-E55B-BCBD-5A7F0BE5C8D5	{'file': '/var/db/entropy/saved-entropy.8'}	1842860
C763BAB9-53AE-C75D-AE53-146B9DC72874	{'file': '/var/db/entropy/saved-entropy.8'}	1844261
913BE0A8-E287-B856-87E2-382596B840B0	{'file': '/var/db/entropy/saved-entropy.8'}	1845649
EBF7895D-D915-F45B-95D9-21B7CBF4E2A7	{'file': '/var/db/entropy/saved-entropy.8'}	1847035
ADAB4BC0-659E-E952-9E65-078192E93262	{'file': '/var/db/entropy/saved-entropy.8'}	1848424
0FAE4BE2-B192-4352-92B1-5F15C2430BB5	{'file': '/var/db/entropy/saved-entropy.8'}	1849058
769CD37D-3EF9-11E8-A5CB-3FA3753A265A	{'file': 'None'}	1849443
769CD3DB-3EF9-11E8-A5CB-3FA3753A265A	{'file': 'None'}	1849444
77372336-3EF9-11E8-A5CB-3FA3753A265A	{'file': 'None'}	1849445
773723C7-3EF9-11E8-A5CB-3FA3753A265A	{'file': 'None'}	1849446
77CFA4F8-3EF9-11E8-A5CB-3FA3753A265A	{'file': 'None'}	1849447
77CFA559-3EF9-11E8-A5CB-3FA3753A265A	{'file': 'None'}	1849448
7866CE43-3EF9-11E8-A5CB-3FA3753A265A	{'file': 'None'}	1849449
7866CEA7-3EF9-11E8-A5CB-3FA3753A265A	{'file': 'None'}	1849450
78FF5DAA-3EF9-11E8-A5CB-3FA3753A265A	{'file': 'None'}	1849451
78FF5E45-3EF9-11E8-A5CB-3FA3753A265A	{'file': 'None'}	1849452
799C66E4-3EF9-11E8-A5CB-3FA3753A265A	{'file': 'None'}	1849453
799C6746-3EF9-11E8-A5CB-3FA3753A265A	{'file': 'None'}	1849454
7A31F57B-3EF9-11E8-A5CB-3FA3753A265A	{'file': 'None'}	1849455
7A31F615-3EF9-11E8-A5CB-3FA3753A265A	{'file': 'None'}	1849456
7ACBFFA7-3EF9-11E8-A5CB-3FA3753A265A	{'file': 'None'}	1849457
7ACC000B-3EF9-11E8-A5CB-3FA3753A265A	{'file': 'None'}	1849458
7B649883-3EF9-11E8-A5CB-3FA3753A265A	{'file': 'None'}	1849459
7B6498E4-3EF9-11E8-A5CB-3FA3753A265A	{'file': 'None'}	1849460
7BFBA842-3EF9-11E8-A5CB-3FA3753A265A	{'file': 'None'}	1849461
7BFBA8B8-3EF9-11E8-A5CB-3FA3753A265A	{'file': 'None'}	1849462
7C95D5E5-3EF9-11E8-A5CB-3FA3753A265A	{'file': 'None'}	1849463
7C95D644-3EF9-11E8-A5CB-3FA3753A265A	{'file': 'None'}	1849464
7D2CEE10-3EF9-11E8-A5CB-3FA3753A265A	{'file': 'None'}	1849465
7D2CEE74-3EF9-11E8-A5CB-3FA3753A265A	{'file': 'None'}	1849466
7DC5848E-3EF9-11E8-A5CB-3FA3753A265A	{'file': 'None'}	1849467
7DC584FA-3EF9-11E8-A5CB-3FA3753A265A	{'file': 'None'}	1849468
7E5F9A1C-3EF9-11E8-A5CB-3FA3753A265A	{'file': 'None'}	1849469
7E5F9A7D-3EF9-11E8-A5CB-3FA3753A265A	{'file': 'None'}	1849470
7EF830DE-3EF9-11E8-A5CB-3FA3753A265A	{'file': 'None'}	1849471
7EF83140-3EF9-11E8-A5CB-3FA3753A265A	{'file': 'None'}	1849472
7F8F2DD9-3EF9-11E8-A5CB-3FA3753A265A	{'file': 'None'}	1849473
7F8F2E3B-3EF9-11E8-A5CB-3FA3753A265A	{'file': 'None'}	1849474
8027D70C-3EF9-11E8-A5CB-3FA3753A265A	{'file': 'None'}	1849475
8027D7A5-3EF9-11E8-A5CB-3FA3753A265A	{'file': 'None'}	1849476
80C1DF16-3EF9-11E8-A5CB-3FA3753A265A	{'file': 'None'}	1849477
80C1DF7C-3EF9-11E8-A5CB-3FA3753A265A	{'file': 'None'}	1849478
815A763C-3EF9-11E8-A5CB-3FA3753A265A	{'file': 'None'}	1849479
815A76A4-3EF9-11E8-A5CB-3FA3753A265A	{'file': 'None'}	1849480
81F3224A-3EF9-11E8-A5CB-3FA3753A265A	{'file': 'None'}	1849481
81F322E3-3EF9-11E8-A5CB-3FA3753A265A	{'file': 'None'}	1849482
828A37FC-3EF9-11E8-A5CB-3FA3753A265A	{'file': 'None'}	1849483
828A385F-3EF9-11E8-A5CB-3FA3753A265A	{'file': 'None'}	1849484
83244288-3EF9-11E8-A5CB-3FA3753A265A	{'file': 'None'}	1849485
832442F0-3EF9-11E8-A5CB-3FA3753A265A	{'file': 'None'}	1849486
83C00BC0-3EF9-11E8-A5CB-3FA3753A265A	{'file': 'None'}	1849487
83C00C24-3EF9-11E8-A5CB-3FA3753A265A	{'file': 'None'}	1849488
845273F4-3EF9-11E8-A5CB-3FA3753A265A	{'file': 'None'}	1849489
84527455-3EF9-11E8-A5CB-3FA3753A265A	{'file': 'None'}	1849490
84EC74E7-3EF9-11E8-A5CB-3FA3753A265A	{'file': 'None'}	1849491
84EC7549-3EF9-11E8-A5CB-3FA3753A265A	{'file': 'None'}	1849492
85850D30-3EF9-11E8-A5CB-3FA3753A265A	{'file': 'None'}	1849493
85850D96-3EF9-11E8-A5CB-3FA3753A265A	{'file': 'None'}	1849494
861DA4F6-3EF9-11E8-A5CB-3FA3753A265A	{'file': 'None'}	1849495
861DA559-3EF9-11E8-A5CB-3FA3753A265A	{'file': 'None'}	1849496
86B638BF-3EF9-11E8-A5CB-3FA3753A265A	{'file': 'None'}	1849497
86B63922-3EF9-11E8-A5CB-3FA3753A265A	{'file': 'None'}	1849498
874ED6E9-3EF9-11E8-A5CB-3FA3753A265A	{'file': 'None'}	1849499
874ED780-3EF9-11E8-A5CB-3FA3753A265A	{'file': 'None'}	1849500
87E763DA-3EF9-11E8-A5CB-3FA3753A265A	{'file': 'None'}	1849501
87E7643D-3EF9-11E8-A5CB-3FA3753A265A	{'file': 'None'}	1849502
887FFA23-3EF9-11E8-A5CB-3FA3753A265A	{'file': 'None'}	1849503
887FFA84-3EF9-11E8-A5CB-3FA3753A265A	{'file': 'None'}	1849504
8918908D-3EF9-11E8-A5CB-3FA3753A265A	{'file': 'None'}	1849505
891890F2-3EF9-11E8-A5CB-3FA3753A265A	{'file': 'None'}	1849506
89B12724-3EF9-11E8-A5CB-3FA3753A265A	{'file': 'None'}	1849507
89B12787-3EF9-11E8-A5CB-3FA3753A265A	{'file': 'None'}	1849508
8A49BCA5-3EF9-11E8-A5CB-3FA3753A265A	{'file': 'None'}	1849509
8A49BD0B-3EF9-11E8-A5CB-3FA3753A265A	{'file': 'None'}	1849510
8AE2530C-3EF9-11E8-A5CB-3FA3753A265A	{'file': 'None'}	1849511
8AE25376-3EF9-11E8-A5CB-3FA3753A265A	{'file': 'None'}	1849512
8B7AE966-3EF9-11E8-A5CB-3FA3753A265A	{'file': 'None'}	1849513
8B7AE9D2-3EF9-11E8-A5CB-3FA3753A265A	{'file': 'None'}	1849514
8C1380EE-3EF9-11E8-A5CB-3FA3753A265A	{'file': 'None'}	1849515
8C138150-3EF9-11E8-A5CB-3FA3753A265A	{'file': 'None'}	1849516
8CAC1985-3EF9-11E8-A5CB-3FA3753A265A	{'file': 'None'}	1849517
8CAC19E8-3EF9-11E8-A5CB-3FA3753A265A	{'file': 'None'}	1849518
8D44AD14-3EF9-11E8-A5CB-3FA3753A265A	{'file': 'None'}	1849519
8D44AD7A-3EF9-11E8-A5CB-3FA3753A265A	{'file': 'None'}	1849520
8DDD49D7-3EF9-11E8-A5CB-3FA3753A265A	{'file': 'None'}	1849521
8DDD4A3C-3EF9-11E8-A5CB-3FA3753A265A	{'file': 'None'}	1849522
8E75DC38-3EF9-11E8-A5CB-3FA3753A265A	{'file': 'None'}	1849523
8E75DC9E-3EF9-11E8-A5CB-3FA3753A265A	{'file': 'None'}	1849524
8F0E9ABC-3EF9-11E8-A5CB-3FA3753A265A	{'file': 'None'}	1849525
8F0E9B5A-3EF9-11E8-A5CB-3FA3753A265A	{'file': 'None'}	1849526
8FA8AA10-3EF9-11E8-A5CB-3FA3753A265A	{'file': 'None'}	1849527
8FA8AA77-3EF9-11E8-A5CB-3FA3753A265A	{'file': 'None'}	1849528
90412DC6-3EF9-11E8-A5CB-3FA3753A265A	{'file': 'None'}	1849529
90412E26-3EF9-11E8-A5CB-3FA3753A265A	{'file': 'None'}	1849530
90D9BE10-3EF9-11E8-A5CB-3FA3753A265A	{'file': 'None'}	1849531
90D9BE71-3EF9-11E8-A5CB-3FA3753A265A	{'file': 'None'}	1849532
917269DE-3EF9-11E8-A5CB-3FA3753A265A	{'file': 'None'}	1849533
91726A40-3EF9-11E8-A5CB-3FA3753A265A	{'file': 'None'}	1849534
9209934A-3EF9-11E8-A5CB-3FA3753A265A	{'file': 'None'}	1849535
92728667-3EF9-11E8-A5CB-3FA3753A265A	{'file': 'None'}	1849536
9272AEDB-3EF9-11E8-A5CB-3FA3753A265A	{'file': 'None'}	1849537
920993E3-3EF9-11E8-A5CB-3FA3753A265A	{'file': 'None'}	1849538
92A387F2-3EF9-11E8-A5CB-3FA3753A265A	{'file': 'None'}	1849539
92A38855-3EF9-11E8-A5CB-3FA3753A265A	{'file': 'None'}	1849540
933C1D23-3EF9-11E8-A5CB-3FA3753A265A	{'file': 'None'}	1849541
933C1D8C-3EF9-11E8-A5CB-3FA3753A265A	{'file': 'None'}	1849542
93D4B0EB-3EF9-11E8-A5CB-3FA3753A265A	{'file': 'None'}	1849543
93D4B14F-3EF9-11E8-A5CB-3FA3753A265A	{'file': 'None'}	1849544
946D4AAC-3EF9-11E8-A5CB-3FA3753A265A	{'file': 'None'}	1849545
946D4B11-3EF9-11E8-A5CB-3FA3753A265A	{'file': 'None'}	1849546
95043BDD-3EF9-11E8-A5CB-3FA3753A265A	{'file': 'None'}	1849547
95043C6A-3EF9-11E8-A5CB-3FA3753A265A	{'file': 'None'}	1849548
959E8D3C-3EF9-11E8-A5CB-3FA3753A265A	{'file': 'None'}	1849549
959E8DCE-3EF9-11E8-A5CB-3FA3753A265A	{'file': 'None'}	1849550
96370DF3-3EF9-11E8-A5CB-3FA3753A265A	{'file': 'None'}	1849551
96370E52-3EF9-11E8-A5CB-3FA3753A265A	{'file': 'None'}	1849552
96CFA812-3EF9-11E8-A5CB-3FA3753A265A	{'file': 'None'}	1849553
96CFA877-3EF9-11E8-A5CB-3FA3753A265A	{'file': 'None'}	1849554
97684B15-3EF9-11E8-A5CB-3FA3753A265A	{'file': 'None'}	1849555
97684BB6-3EF9-11E8-A5CB-3FA3753A265A	{'file': 'None'}	1849556
97FF638C-3EF9-11E8-A5CB-3FA3753A265A	{'file': 'None'}	1849557
97FF6420-3EF9-11E8-A5CB-3FA3753A265A	{'file': 'None'}	1849558
9897DCB8-3EF9-11E8-A5CB-3FA3753A265A	{'file': 'None'}	1849559
9897DD1C-3EF9-11E8-A5CB-3FA3753A265A	{'file': 'None'}	1849560
99321030-3EF9-11E8-A5CB-3FA3753A265A	{'file': 'None'}	1849561
99321094-3EF9-11E8-A5CB-3FA3753A265A	{'file': 'None'}	1849562
99C8DA9A-3EF9-11E8-A5CB-3FA3753A265A	{'file': 'None'}	1849563
99C8DAFA-3EF9-11E8-A5CB-3FA3753A265A	{'file': 'None'}	1849564
9A61C453-3EF9-11E8-A5CB-3FA3753A265A	{'file': 'None'}	1849565
9A61C4C2-3EF9-11E8-A5CB-3FA3753A265A	{'file': 'None'}	1849566
9AFBC109-3EF9-11E8-A5CB-3FA3753A265A	{'file': 'None'}	1849567
9AFBC16B-3EF9-11E8-A5CB-3FA3753A265A	{'file': 'None'}	1849568
9B946ED0-3EF9-11E8-A5CB-3FA3753A265A	{'file': 'None'}	1849569
9B946F31-3EF9-11E8-A5CB-3FA3753A265A	{'file': 'None'}	1849570
9C2B5F45-3EF9-11E8-A5CB-3FA3753A265A	{'file': 'None'}	1849571
9C2B5FA6-3EF9-11E8-A5CB-3FA3753A265A	{'file': 'None'}	1849572
9CC3F5F6-3EF9-11E8-A5CB-3FA3753A265A	{'file': 'None'}	1849573
9CC3F657-3EF9-11E8-A5CB-3FA3753A265A	{'file': 'None'}	1849574
9D5C8D5C-3EF9-11E8-A5CB-3FA3753A265A	{'file': 'None'}	1849575
9D5C8DBD-3EF9-11E8-A5CB-3FA3753A265A	{'file': 'None'}	1849576
9DF52500-3EF9-11E8-A5CB-3FA3753A265A	{'file': 'None'}	1849577
9DF52561-3EF9-11E8-A5CB-3FA3753A265A	{'file': 'None'}	1849578
9E8DBA80-3EF9-11E8-A5CB-3FA3753A265A	{'file': 'None'}	1849579
9E8DBAE1-3EF9-11E8-A5CB-3FA3753A265A	{'file': 'None'}	1849580
9F26528B-3EF9-11E8-A5CB-3FA3753A265A	{'file': 'None'}	1849581
9F2652EC-3EF9-11E8-A5CB-3FA3753A265A	{'file': 'None'}	1849582
9FBEEB80-3EF9-11E8-A5CB-3FA3753A265A	{'file': 'None'}	1849583
9FBEEBE0-3EF9-11E8-A5CB-3FA3753A265A	{'file': 'None'}	1849584
A0579941-3EF9-11E8-A5CB-3FA3753A265A	{'file': 'None'}	1849585
A05799A3-3EF9-11E8-A5CB-3FA3753A265A	{'file': 'None'}	1849586
A0F0361C-3EF9-11E8-A5CB-3FA3753A265A	{'file': 'None'}	1849587
A0F0367B-3EF9-11E8-A5CB-3FA3753A265A	{'file': 'None'}	1849588
A18A49D7-3EF9-11E8-A5CB-3FA3753A265A	{'file': 'None'}	1849589
A18A4A45-3EF9-11E8-A5CB-3FA3753A265A	{'file': 'None'}	1849590
A222E24C-3EF9-11E8-A5CB-3FA3753A265A	{'file': 'None'}	1849591
A222E2AF-3EF9-11E8-A5CB-3FA3753A265A	{'file': 'None'}	1849592
A2B88BC5-3EF9-11E8-A5CB-3FA3753A265A	{'file': 'None'}	1849593
A2B88C26-3EF9-11E8-A5CB-3FA3753A265A	{'file': 'None'}	1849594
A3510537-3EF9-11E8-A5CB-3FA3753A265A	{'file': 'None'}	1849595
A351059F-3EF9-11E8-A5CB-3FA3753A265A	{'file': 'None'}	1849596
A3EB0914-3EF9-11E8-A5CB-3FA3753A265A	{'file': 'None'}	1849597
A3EB097A-3EF9-11E8-A5CB-3FA3753A265A	{'file': 'None'}	1849598
A483A64D-3EF9-11E8-A5CB-3FA3753A265A	{'file': 'None'}	1849599
A483A6AC-3EF9-11E8-A5CB-3FA3753A265A	{'file': 'None'}	1849600
A51DD2BA-3EF9-11E8-A5CB-3FA3753A265A	{'file': 'None'}	1849601
A51DD31B-3EF9-11E8-A5CB-3FA3753A265A	{'file': 'None'}	1849602
A5B4E4B7-3EF9-11E8-A5CB-3FA3753A265A	{'file': 'None'}	1849603
A5B4E518-3EF9-11E8-A5CB-3FA3753A265A	{'file': 'None'}	1849604
A64D5E12-3EF9-11E8-A5CB-3FA3753A265A	{'file': 'None'}	1849605
A64D5E78-3EF9-11E8-A5CB-3FA3753A265A	{'file': 'None'}	1849606
A6E5F46E-3EF9-11E8-A5CB-3FA3753A265A	{'file': 'None'}	1849607
A6E5F4CD-3EF9-11E8-A5CB-3FA3753A265A	{'file': 'None'}	1849608
A77E8ECE-3EF9-11E8-A5CB-3FA3753A265A	{'file': 'None'}	1849609
A77E8F2E-3EF9-11E8-A5CB-3FA3753A265A	{'file': 'None'}	1849610
A8172176-3EF9-11E8-A5CB-3FA3753A265A	{'file': 'None'}	1849611
A81721D7-3EF9-11E8-A5CB-3FA3753A265A	{'file': 'None'}	1849612
A8AFB9A0-3EF9-11E8-A5CB-3FA3753A265A	{'file': 'None'}	1849613
A8AFBA04-3EF9-11E8-A5CB-3FA3753A265A	{'file': 'None'}	1849614
A9484E6D-3EF9-11E8-A5CB-3FA3753A265A	{'file': 'None'}	1849615
A9484ECF-3EF9-11E8-A5CB-3FA3753A265A	{'file': 'None'}	1849616
A9E0E64D-3EF9-11E8-A5CB-3FA3753A265A	{'file': 'None'}	1849617
A9E0E6B4-3EF9-11E8-A5CB-3FA3753A265A	{'file': 'None'}	1849618
AA797ED2-3EF9-11E8-A5CB-3FA3753A265A	{'file': 'None'}	1849619
AA797F3C-3EF9-11E8-A5CB-3FA3753A265A	{'file': 'None'}	1849620
AB121299-3EF9-11E8-A5CB-3FA3753A265A	{'file': 'None'}	1849621
AB1212F8-3EF9-11E8-A5CB-3FA3753A265A	{'file': 'None'}	1849622
ABAAA921-3EF9-11E8-A5CB-3FA3753A265A	{'file': 'None'}	1849623
ABAAA985-3EF9-11E8-A5CB-3FA3753A265A	{'file': 'None'}	1849624
AC433FE5-3EF9-11E8-A5CB-3FA3753A265A	{'file': 'None'}	1849625
AC434046-3EF9-11E8-A5CB-3FA3753A265A	{'file': 'None'}	1849626
ACDBD6F6-3EF9-11E8-A5CB-3FA3753A265A	{'file': 'None'}	1849627
ACDBD757-3EF9-11E8-A5CB-3FA3753A265A	{'file': 'None'}	1849628
AD746E16-3EF9-11E8-A5CB-3FA3753A265A	{'file': 'None'}	1849629
AD746E7B-3EF9-11E8-A5CB-3FA3753A265A	{'file': 'None'}	1849630
AE0D063E-3EF9-11E8-A5CB-3FA3753A265A	{'file': 'None'}	1849631
AE0D06A6-3EF9-11E8-A5CB-3FA3753A265A	{'file': 'None'}	1849632
AEA5A402-3EF9-11E8-A5CB-3FA3753A265A	{'file': 'None'}	1849633
AEA5A48C-3EF9-11E8-A5CB-3FA3753A265A	{'file': 'None'}	1849634
AF3E304F-3EF9-11E8-A5CB-3FA3753A265A	{'file': 'None'}	1849635
AF3E30B3-3EF9-11E8-A5CB-3FA3753A265A	{'file': 'None'}	1849636
AFD6C7FE-3EF9-11E8-A5CB-3FA3753A265A	{'file': 'None'}	1849637
AFD6C864-3EF9-11E8-A5CB-3FA3753A265A	{'file': 'None'}	1849638
B06F4E9F-3EF9-11E8-A5CB-3FA3753A265A	{'file': 'None'}	1849639
B06F4F02-3EF9-11E8-A5CB-3FA3753A265A	{'file': 'None'}	1849640
B10981AE-3EF9-11E8-A5CB-3FA3753A265A	{'file': 'None'}	1849641
B109820F-3EF9-11E8-A5CB-3FA3753A265A	{'file': 'None'}	1849642
B1A21A1F-3EF9-11E8-A5CB-3FA3753A265A	{'file': 'None'}	1849643
B1A21A83-3EF9-11E8-A5CB-3FA3753A265A	{'file': 'None'}	1849644
B2393728-3EF9-11E8-A5CB-3FA3753A265A	{'file': 'None'}	1849645
B23937BF-3EF9-11E8-A5CB-3FA3753A265A	{'file': 'None'}	1849646
B2D06A3E-3EF9-11E8-A5CB-3FA3753A265A	{'file': 'None'}	1849647
B2D06AA3-3EF9-11E8-A5CB-3FA3753A265A	{'file': 'None'}	1849648
B368E851-3EF9-11E8-A5CB-3FA3753A265A	{'file': 'None'}	1849649
B368E8B1-3EF9-11E8-A5CB-3FA3753A265A	{'file': 'None'}	1849650
B402BAF7-3EF9-11E8-A5CB-3FA3753A265A	{'file': 'None'}	1849651
B402BB5F-3EF9-11E8-A5CB-3FA3753A265A	{'file': 'None'}	1849652
B49D095E-3EF9-11E8-A5CB-3FA3753A265A	{'file': 'None'}	1849653
B49D09C2-3EF9-11E8-A5CB-3FA3753A265A	{'file': 'None'}	1849654
B5359E08-3EF9-11E8-A5CB-3FA3753A265A	{'file': 'None'}	1849655
B5359E69-3EF9-11E8-A5CB-3FA3753A265A	{'file': 'None'}	1849656
B5CC445A-3EF9-11E8-A5CB-3FA3753A265A	{'file': 'None'}	1849657
B6451BF5-3EF9-11E8-A5CB-3FA3753A265A	{'file': 'None'}	1849658
B6454513-3EF9-11E8-A5CB-3FA3753A265A	{'file': 'None'}	1849659
B5CC44C2-3EF9-11E8-A5CB-3FA3753A265A	{'file': 'None'}	1849660
B6653F9B-3EF9-11E8-A5CB-3FA3753A265A	{'file': 'None'}	1849661
B6654000-3EF9-11E8-A5CB-3FA3753A265A	{'file': 'None'}	1849662
B6FDD3CC-3EF9-11E8-A5CB-3FA3753A265A	{'file': 'None'}	1849663
B6FDD42C-3EF9-11E8-A5CB-3FA3753A265A	{'file': 'None'}	1849664
B7966AB7-3EF9-11E8-A5CB-3FA3753A265A	{'file': 'None'}	1849665
B7966B1B-3EF9-11E8-A5CB-3FA3753A265A	{'file': 'None'}	1849666
B82F019B-3EF9-11E8-A5CB-3FA3753A265A	{'file': 'None'}	1849667
B82F0202-3EF9-11E8-A5CB-3FA3753A265A	{'file': 'None'}	1849668
B8C79A04-3EF9-11E8-A5CB-3FA3753A265A	{'file': 'None'}	1849669
B8C79A66-3EF9-11E8-A5CB-3FA3753A265A	{'file': 'None'}	1849670
B9604385-3EF9-11E8-A5CB-3FA3753A265A	{'file': 'None'}	1849671
B9604413-3EF9-11E8-A5CB-3FA3753A265A	{'file': 'None'}	1849672
B9F8C586-3EF9-11E8-A5CB-3FA3753A265A	{'file': 'None'}	1849673
B9F8C5F1-3EF9-11E8-A5CB-3FA3753A265A	{'file': 'None'}	1849674
BA915D3D-3EF9-11E8-A5CB-3FA3753A265A	{'file': 'None'}	1849675
BA915DA3-3EF9-11E8-A5CB-3FA3753A265A	{'file': 'None'}	1849676
BB29F1E3-3EF9-11E8-A5CB-3FA3753A265A	{'file': 'None'}	1849677
BB29F248-3EF9-11E8-A5CB-3FA3753A265A	{'file': 'None'}	1849678
BBC28A28-3EF9-11E8-A5CB-3FA3753A265A	{'file': 'None'}	1849679
BBC28A8F-3EF9-11E8-A5CB-3FA3753A265A	{'file': 'None'}	1849680
BC5B1E41-3EF9-11E8-A5CB-3FA3753A265A	{'file': 'None'}	1849681
BC5B1EA0-3EF9-11E8-A5CB-3FA3753A265A	{'file': 'None'}	1849682
BCF3B6DB-3EF9-11E8-A5CB-3FA3753A265A	{'file': 'None'}	1849683
BCF3B747-3EF9-11E8-A5CB-3FA3753A265A	{'file': 'None'}	1849684
BD8C4CE1-3EF9-11E8-A5CB-3FA3753A265A	{'file': 'None'}	1849685
BD8C4D46-3EF9-11E8-A5CB-3FA3753A265A	{'file': 'None'}	1849686
BE24F633-3EF9-11E8-A5CB-3FA3753A265A	{'file': 'None'}	1849687
BE9C4B88-3EF9-11E8-A5CB-3FA3753A265A	{'file': 'None'}	1849688
BE24F6C3-3EF9-11E8-A5CB-3FA3753A265A	{'file': 'None'}	1849689
BEBD7863-3EF9-11E8-A5CB-3FA3753A265A	{'file': 'None'}	1849690
BEBD78C4-3EF9-11E8-A5CB-3FA3753A265A	{'file': 'None'}	1849691
BF561029-3EF9-11E8-A5CB-3FA3753A265A	{'file': 'None'}	1849692
BF56108E-3EF9-11E8-A5CB-3FA3753A265A	{'file': 'None'}	1849693
BFEEA721-3EF9-11E8-A5CB-3FA3753A265A	{'file': 'None'}	1849694
BFEEA788-3EF9-11E8-A5CB-3FA3753A265A	{'file': 'None'}	1849695
C0873C5B-3EF9-11E8-A5CB-3FA3753A265A	{'file': 'None'}	1849696
C0873CBD-3EF9-11E8-A5CB-3FA3753A265A	{'file': 'None'}	1849697
C11FD29E-3EF9-11E8-A5CB-3FA3753A265A	{'file': 'None'}	1849698
C11FD301-3EF9-11E8-A5CB-3FA3753A265A	{'file': 'None'}	1849699
C1B86B1B-3EF9-11E8-A5CB-3FA3753A265A	{'file': 'None'}	1849700
C1B86B81-3EF9-11E8-A5CB-3FA3753A265A	{'file': 'None'}	1849701
C25101A2-3EF9-11E8-A5CB-3FA3753A265A	{'file': 'None'}	1849702
C2510208-3EF9-11E8-A5CB-3FA3753A265A	{'file': 'None'}	1849703
C2E9973E-3EF9-11E8-A5CB-3FA3753A265A	{'file': 'None'}	1849704
C2E997A3-3EF9-11E8-A5CB-3FA3753A265A	{'file': 'None'}	1849705
C3822CC3-3EF9-11E8-A5CB-3FA3753A265A	{'file': 'None'}	1849706
C3822D29-3EF9-11E8-A5CB-3FA3753A265A	{'file': 'None'}	1849707
C41AC2D3-3EF9-11E8-A5CB-3FA3753A265A	{'file': 'None'}	1849708
C41AC332-3EF9-11E8-A5CB-3FA3753A265A	{'file': 'None'}	1849709
C4B35B3F-3EF9-11E8-A5CB-3FA3753A265A	{'file': 'None'}	1849710
C4B35BA5-3EF9-11E8-A5CB-3FA3753A265A	{'file': 'None'}	1849711
C54BF1BE-3EF9-11E8-A5CB-3FA3753A265A	{'file': 'None'}	1849712
C54BF22B-3EF9-11E8-A5CB-3FA3753A265A	{'file': 'None'}	1849713
C5E489E6-3EF9-11E8-A5CB-3FA3753A265A	{'file': 'None'}	1849714
C5E48A51-3EF9-11E8-A5CB-3FA3753A265A	{'file': 'None'}	1849715
C67D1D04-3EF9-11E8-A5CB-3FA3753A265A	{'file': 'None'}	1849716
C67D1D68-3EF9-11E8-A5CB-3FA3753A265A	{'file': 'None'}	1849717
C715B492-3EF9-11E8-A5CB-3FA3753A265A	{'file': 'None'}	1849718
C715B4F9-3EF9-11E8-A5CB-3FA3753A265A	{'file': 'None'}	1849719
C7AE4A41-3EF9-11E8-A5CB-3FA3753A265A	{'file': 'None'}	1849720
C7AE4AA4-3EF9-11E8-A5CB-3FA3753A265A	{'file': 'None'}	1849721
C846E1DA-3EF9-11E8-A5CB-3FA3753A265A	{'file': 'None'}	1849722
C846E242-3EF9-11E8-A5CB-3FA3753A265A	{'file': 'None'}	1849723
C8DF76CD-3EF9-11E8-A5CB-3FA3753A265A	{'file': 'None'}	1849724
C8DF772F-3EF9-11E8-A5CB-3FA3753A265A	{'file': 'None'}	1849725
C9780D55-3EF9-11E8-A5CB-3FA3753A265A	{'file': 'None'}	1849726
C9780DB8-3EF9-11E8-A5CB-3FA3753A265A	{'file': 'None'}	1849727
CA10A3EE-3EF9-11E8-A5CB-3FA3753A265A	{'file': 'None'}	1849728
CA10A451-3EF9-11E8-A5CB-3FA3753A265A	{'file': 'None'}	1849729
CAA93C93-3EF9-11E8-A5CB-3FA3753A265A	{'file': 'None'}	1849730
CAA93CFE-3EF9-11E8-A5CB-3FA3753A265A	{'file': 'None'}	1849731
CB41D1E3-3EF9-11E8-A5CB-3FA3753A265A	{'file': 'None'}	1849732
CB41D249-3EF9-11E8-A5CB-3FA3753A265A	{'file': 'None'}	1849733
CBDA7CE7-3EF9-11E8-A5CB-3FA3753A265A	{'file': 'None'}	1849734
CBDA7D7D-3EF9-11E8-A5CB-3FA3753A265A	{'file': 'None'}	1849735
CC7301C8-3EF9-11E8-A5CB-3FA3753A265A	{'file': 'None'}	1849736
CC73022A-3EF9-11E8-A5CB-3FA3753A265A	{'file': 'None'}	1849737
CD0B9701-3EF9-11E8-A5CB-3FA3753A265A	{'file': 'None'}	1849738
CD0B9767-3EF9-11E8-A5CB-3FA3753A265A	{'file': 'None'}	1849739
CDA44451-3EF9-11E8-A5CB-3FA3753A265A	{'file': 'None'}	1849740
CDA444E9-3EF9-11E8-A5CB-3FA3753A265A	{'file': 'None'}	1849741
CE3CC1F8-3EF9-11E8-A5CB-3FA3753A265A	{'file': 'None'}	1849742
CE3CC258-3EF9-11E8-A5CB-3FA3753A265A	{'file': 'None'}	1849743
CED5592D-3EF9-11E8-A5CB-3FA3753A265A	{'file': 'None'}	1849744
CED55993-3EF9-11E8-A5CB-3FA3753A265A	{'file': 'None'}	1849745
CF6DEF48-3EF9-11E8-A5CB-3FA3753A265A	{'file': 'None'}	1849746
CF6DEFAB-3EF9-11E8-A5CB-3FA3753A265A	{'file': 'None'}	1849747
D0068440-3EF9-11E8-A5CB-3FA3753A265A	{'file': 'None'}	1849748
D00684A5-3EF9-11E8-A5CB-3FA3753A265A	{'file': 'None'}	1849749
D09F1B1E-3EF9-11E8-A5CB-3FA3753A265A	{'file': 'None'}	1849750
D09F1B86-3EF9-11E8-A5CB-3FA3753A265A	{'file': 'None'}	1849751
D137B40B-3EF9-11E8-A5CB-3FA3753A265A	{'file': 'None'}	1849752
D137B471-3EF9-11E8-A5CB-3FA3753A265A	{'file': 'None'}	1849753
D1D05232-3EF9-11E8-A5CB-3FA3753A265A	{'file': 'None'}	1849754
D1D052C1-3EF9-11E8-A5CB-3FA3753A265A	{'file': 'None'}	1849755
D268DFA3-3EF9-11E8-A5CB-3FA3753A265A	{'file': 'None'}	1849756
D268E00B-3EF9-11E8-A5CB-3FA3753A265A	{'file': 'None'}	1849757
D3017676-3EF9-11E8-A5CB-3FA3753A265A	{'file': 'None'}	1849758
D30176DD-3EF9-11E8-A5CB-3FA3753A265A	{'file': 'None'}	1849759
D39A0DA3-3EF9-11E8-A5CB-3FA3753A265A	{'file': 'None'}	1849760
D39A0E08-3EF9-11E8-A5CB-3FA3753A265A	{'file': 'None'}	1849761
D432A5B3-3EF9-11E8-A5CB-3FA3753A265A	{'file': 'None'}	1849762
D432A611-3EF9-11E8-A5CB-3FA3753A265A	{'file': 'None'}	1849763
D4CB3ADA-3EF9-11E8-A5CB-3FA3753A265A	{'file': 'None'}	1849764
D4CB3B3F-3EF9-11E8-A5CB-3FA3753A265A	{'file': 'None'}	1849765
D563D2C3-3EF9-11E8-A5CB-3FA3753A265A	{'file': 'None'}	1849766
D563D32F-3EF9-11E8-A5CB-3FA3753A265A	{'file': 'None'}	1849767
D5FC68DB-3EF9-11E8-A5CB-3FA3753A265A	{'file': 'None'}	1849768
D5FC6940-3EF9-11E8-A5CB-3FA3753A265A	{'file': 'None'}	1849769
D694FF2F-3EF9-11E8-A5CB-3FA3753A265A	{'file': 'None'}	1849770
D694FF94-3EF9-11E8-A5CB-3FA3753A265A	{'file': 'None'}	1849771
D72D9530-3EF9-11E8-A5CB-3FA3753A265A	{'file': 'None'}	1849772
D72D9592-3EF9-11E8-A5CB-3FA3753A265A	{'file': 'None'}	1849773
D7C6232F-3EF9-11E8-A5CB-3FA3753A265A	{'file': 'None'}	1849774
D7C62394-3EF9-11E8-A5CB-3FA3753A265A	{'file': 'None'}	1849775
D8605FFE-3EF9-11E8-A5CB-3FA3753A265A	{'file': 'None'}	1849776
D860605E-3EF9-11E8-A5CB-3FA3753A265A	{'file': 'None'}	1849777
D8F78E23-3EF9-11E8-A5CB-3FA3753A265A	{'file': 'None'}	1849778
D8F78EBF-3EF9-11E8-A5CB-3FA3753A265A	{'file': 'None'}	1849779
D9917C63-3EF9-11E8-A5CB-3FA3753A265A	{'file': 'None'}	1849780
DA0B64DD-3EF9-11E8-A5CB-3FA3753A265A	{'file': 'None'}	1849781
DA0B8C54-3EF9-11E8-A5CB-3FA3753A265A	{'file': 'None'}	1849782
D9917CC7-3EF9-11E8-A5CB-3FA3753A265A	{'file': 'None'}	1849783
DA2A14C5-3EF9-11E8-A5CB-3FA3753A265A	{'file': 'None'}	1849784
DA2A1527-3EF9-11E8-A5CB-3FA3753A265A	{'file': 'None'}	1849785
DABFCA35-3EF9-11E8-A5CB-3FA3753A265A	{'file': 'None'}	1849786
DABFCA97-3EF9-11E8-A5CB-3FA3753A265A	{'file': 'None'}	1849787
DB584FBA-3EF9-11E8-A5CB-3FA3753A265A	{'file': 'None'}	1849788
DB585053-3EF9-11E8-A5CB-3FA3753A265A	{'file': 'None'}	1849789
DBF251C2-3EF9-11E8-A5CB-3FA3753A265A	{'file': 'None'}	1849790
DBF25223-3EF9-11E8-A5CB-3FA3753A265A	{'file': 'None'}	1849791
DC8AED28-3EF9-11E8-A5CB-3FA3753A265A	{'file': 'None'}	1849792
DC8AED88-3EF9-11E8-A5CB-3FA3753A265A	{'file': 'None'}	1849793
DD237B28-3EF9-11E8-A5CB-3FA3753A265A	{'file': 'None'}	1849794
DD237B89-3EF9-11E8-A5CB-3FA3753A265A	{'file': 'None'}	1849795
DDBC149F-3EF9-11E8-A5CB-3FA3753A265A	{'file': 'None'}	1849796
DDBC1503-3EF9-11E8-A5CB-3FA3753A265A	{'file': 'None'}	1849797
DE54A8EF-3EF9-11E8-A5CB-3FA3753A265A	{'file': 'None'}	1849798
DE54A954-3EF9-11E8-A5CB-3FA3753A265A	{'file': 'None'}	1849799
DEED3D6D-3EF9-11E8-A5CB-3FA3753A265A	{'file': 'None'}	1849800
DEED3DD2-3EF9-11E8-A5CB-3FA3753A265A	{'file': 'None'}	1849801
DF85A3D7-3EF9-11E8-A5CB-3FA3753A265A	{'file': 'None'}	1849802
DF85A43A-3EF9-11E8-A5CB-3FA3753A265A	{'file': 'None'}	1849803
E01E6800-3EF9-11E8-A5CB-3FA3753A265A	{'file': 'None'}	1849804
E01E6863-3EF9-11E8-A5CB-3FA3753A265A	{'file': 'None'}	1849805
E0B700D0-3EF9-11E8-A5CB-3FA3753A265A	{'file': 'None'}	1849806
E0B7013E-3EF9-11E8-A5CB-3FA3753A265A	{'file': 'None'}	1849807
E14F939B-3EF9-11E8-A5CB-3FA3753A265A	{'file': 'None'}	1849808
E14F93FA-3EF9-11E8-A5CB-3FA3753A265A	{'file': 'None'}	1849809
E1E81299-3EF9-11E8-A5CB-3FA3753A265A	{'file': 'None'}	1849810
E1E812FA-3EF9-11E8-A5CB-3FA3753A265A	{'file': 'None'}	1849811
E280D9E4-3EF9-11E8-A5CB-3FA3753A265A	{'file': 'None'}	1849812
E2A0A6E5-3EF9-11E8-A5CB-3FA3753A265A	{'file': 'None'}	1849813
E2A0D00C-3EF9-11E8-A5CB-3FA3753A265A	{'file': 'None'}	1849814
E2A0F798-3EF9-11E8-A5CB-3FA3753A265A	{'file': 'None'}	1849815
E2A11E2D-3EF9-11E8-A5CB-3FA3753A265A	{'file': 'None'}	1849816
E2A144B0-3EF9-11E8-A5CB-3FA3753A265A	{'file': 'None'}	1849817
E2A16B8C-3EF9-11E8-A5CB-3FA3753A265A	{'file': 'None'}	1849818
E2A19103-3EF9-11E8-A5CB-3FA3753A265A	{'file': 'None'}	1849819
E2A1B66E-3EF9-11E8-A5CB-3FA3753A265A	{'file': 'None'}	1849820
E2A1DB86-3EF9-11E8-A5CB-3FA3753A265A	{'file': 'None'}	1849821
E2A200EF-3EF9-11E8-A5CB-3FA3753A265A	{'file': 'None'}	1849822
E2A22980-3EF9-11E8-A5CB-3FA3753A265A	{'file': 'None'}	1849823
E2A25270-3EF9-11E8-A5CB-3FA3753A265A	{'file': 'None'}	1849824
E2A27B2D-3EF9-11E8-A5CB-3FA3753A265A	{'file': 'None'}	1849825
E2A2A332-3EF9-11E8-A5CB-3FA3753A265A	{'file': 'None'}	1849826
E2A2C9CF-3EF9-11E8-A5CB-3FA3753A265A	{'file': 'None'}	1849827
E280DA46-3EF9-11E8-A5CB-3FA3753A265A	{'file': 'None'}	1849828
E31850AE-3EF9-11E8-A5CB-3FA3753A265A	{'file': 'None'}	1849829
E318511B-3EF9-11E8-A5CB-3FA3753A265A	{'file': 'None'}	1849830
E3B071D9-3EF9-11E8-A5CB-3FA3753A265A	{'file': 'None'}	1849831
E3B0723C-3EF9-11E8-A5CB-3FA3753A265A	{'file': 'None'}	1849832
E44A82E4-3EF9-11E8-A5CB-3FA3753A265A	{'file': 'None'}	1849833
E44A8349-3EF9-11E8-A5CB-3FA3753A265A	{'file': 'None'}	1849834
E4E3187E-3EF9-11E8-A5CB-3FA3753A265A	{'file': 'None'}	1849835
E4E318E4-3EF9-11E8-A5CB-3FA3753A265A	{'file': 'None'}	1849836
E57BAE8D-3EF9-11E8-A5CB-3FA3753A265A	{'file': 'None'}	1849837
E57BAEEC-3EF9-11E8-A5CB-3FA3753A265A	{'file': 'None'}	1849838
E6144609-3EF9-11E8-A5CB-3FA3753A265A	{'file': 'None'}	1849839
E614466E-3EF9-11E8-A5CB-3FA3753A265A	{'file': 'None'}	1849840
E6ACDCD9-3EF9-11E8-A5CB-3FA3753A265A	{'file': 'None'}	1849841
E6ACDD3E-3EF9-11E8-A5CB-3FA3753A265A	{'file': 'None'}	1849842
E7457509-3EF9-11E8-A5CB-3FA3753A265A	{'file': 'None'}	1849843
E745756B-3EF9-11E8-A5CB-3FA3753A265A	{'file': 'None'}	1849844
E7DE0921-3EF9-11E8-A5CB-3FA3753A265A	{'file': 'None'}	1849845
E7DE0981-3EF9-11E8-A5CB-3FA3753A265A	{'file': 'None'}	1849846
E876A08F-3EF9-11E8-A5CB-3FA3753A265A	{'file': 'None'}	1849847
E876A0F3-3EF9-11E8-A5CB-3FA3753A265A	{'file': 'None'}	1849848
E90F3526-3EF9-11E8-A5CB-3FA3753A265A	{'file': 'None'}	1849849
E90F3586-3EF9-11E8-A5CB-3FA3753A265A	{'file': 'None'}	1849850
E9A7CCDE-3EF9-11E8-A5CB-3FA3753A265A	{'file': 'None'}	1849851
E9A7CD3D-3EF9-11E8-A5CB-3FA3753A265A	{'file': 'None'}	1849852
EA3FE852-3EF9-11E8-A5CB-3FA3753A265A	{'file': 'None'}	1849853
EABE3611-3EF9-11E8-A5CB-3FA3753A265A	{'file': 'None'}	1849854
EABE5C56-3EF9-11E8-A5CB-3FA3753A265A	{'file': 'None'}	1849855
EA3FE8EC-3EF9-11E8-A5CB-3FA3753A265A	{'file': 'None'}	1849856
EADA8B7F-3EF9-11E8-A5CB-3FA3753A265A	{'file': 'None'}	1849857
EADA8BE0-3EF9-11E8-A5CB-3FA3753A265A	{'file': 'None'}	1849858
EB731D22-3EF9-11E8-A5CB-3FA3753A265A	{'file': 'None'}	1849859
EB731D84-3EF9-11E8-A5CB-3FA3753A265A	{'file': 'None'}	1849860
EC0BB2EA-3EF9-11E8-A5CB-3FA3753A265A	{'file': 'None'}	1849861
EC0BB34E-3EF9-11E8-A5CB-3FA3753A265A	{'file': 'None'}	1849862
ECA44DB7-3EF9-11E8-A5CB-3FA3753A265A	{'file': 'None'}	1849863
ECA44E19-3EF9-11E8-A5CB-3FA3753A265A	{'file': 'None'}	1849864
ED3CE48D-3EF9-11E8-A5CB-3FA3753A265A	{'file': 'None'}	1849865
ED3CE4F2-3EF9-11E8-A5CB-3FA3753A265A	{'file': 'None'}	1849866
EDD57864-3EF9-11E8-A5CB-3FA3753A265A	{'file': 'None'}	1849867
EDD578C5-3EF9-11E8-A5CB-3FA3753A265A	{'file': 'None'}	1849868
EE6E0FA7-3EF9-11E8-A5CB-3FA3753A265A	{'file': 'None'}	1849869
EE6E100A-3EF9-11E8-A5CB-3FA3753A265A	{'file': 'None'}	1849870
EF06A6C1-3EF9-11E8-A5CB-3FA3753A265A	{'file': 'None'}	1849871
EF06A721-3EF9-11E8-A5CB-3FA3753A265A	{'file': 'None'}	1849872
EF9F4F3E-3EF9-11E8-A5CB-3FA3753A265A	{'file': 'None'}	1849873
EF9F4FD9-3EF9-11E8-A5CB-3FA3753A265A	{'file': 'None'}	1849874
F036639B-3EF9-11E8-A5CB-3FA3753A265A	{'file': 'None'}	1849875
F036642D-3EF9-11E8-A5CB-3FA3753A265A	{'file': 'None'}	1849876
F0CDA37C-3EF9-11E8-A5CB-3FA3753A265A	{'file': 'None'}	1849877
F0CDA414-3EF9-11E8-A5CB-3FA3753A265A	{'file': 'None'}	1849878
F1679193-3EF9-11E8-A5CB-3FA3753A265A	{'file': 'None'}	1849879
F167922E-3EF9-11E8-A5CB-3FA3753A265A	{'file': 'None'}	1849880
F2003E93-3EF9-11E8-A5CB-3FA3753A265A	{'file': 'None'}	1849881
F2003F2D-3EF9-11E8-A5CB-3FA3753A265A	{'file': 'None'}	1849882
F298A5F9-3EF9-11E8-A5CB-3FA3753A265A	{'file': 'None'}	1849883
F298A65C-3EF9-11E8-A5CB-3FA3753A265A	{'file': 'None'}	1849884
F3313D4A-3EF9-11E8-A5CB-3FA3753A265A	{'file': 'None'}	1849885
F3313DB3-3EF9-11E8-A5CB-3FA3753A265A	{'file': 'None'}	1849886
F3C9ED70-3EF9-11E8-A5CB-3FA3753A265A	{'file': 'None'}	1849887
F3C9EDD4-3EF9-11E8-A5CB-3FA3753A265A	{'file': 'None'}	1849888
F4640139-3EF9-11E8-A5CB-3FA3753A265A	{'file': 'None'}	1849889
F4640199-3EF9-11E8-A5CB-3FA3753A265A	{'file': 'None'}	1849890
F4FC8529-3EF9-11E8-A5CB-3FA3753A265A	{'file': 'None'}	1849891
F4FC858A-3EF9-11E8-A5CB-3FA3753A265A	{'file': 'None'}	1849892
F5951C99-3EF9-11E8-A5CB-3FA3753A265A	{'file': 'None'}	1849893
F5951CFE-3EF9-11E8-A5CB-3FA3753A265A	{'file': 'None'}	1849894
F62DC70D-3EF9-11E8-A5CB-3FA3753A265A	{'file': 'None'}	1849895
F62DC7A5-3EF9-11E8-A5CB-3FA3753A265A	{'file': 'None'}	1849896
F6C4DD6F-3EF9-11E8-A5CB-3FA3753A265A	{'file': 'None'}	1849897
F6C4DDD2-3EF9-11E8-A5CB-3FA3753A265A	{'file': 'None'}	1849898
F75EE067-3EF9-11E8-A5CB-3FA3753A265A	{'file': 'None'}	1849899
F75EE0CB-3EF9-11E8-A5CB-3FA3753A265A	{'file': 'None'}	1849900
F7F5FB41-3EF9-11E8-A5CB-3FA3753A265A	{'file': 'None'}	1849901
F7F5FBA7-3EF9-11E8-A5CB-3FA3753A265A	{'file': 'None'}	1849902
F88D3399-3EF9-11E8-A5CB-3FA3753A265A	{'file': 'None'}	1849903
F88D33FC-3EF9-11E8-A5CB-3FA3753A265A	{'file': 'None'}	1849904
F928B991-3EF9-11E8-A5CB-3FA3753A265A	{'file': 'None'}	1849905
F928B9F5-3EF9-11E8-A5CB-3FA3753A265A	{'file': 'None'}	1849906
F9C1505A-3EF9-11E8-A5CB-3FA3753A265A	{'file': 'None'}	1849907
F9C150BB-3EF9-11E8-A5CB-3FA3753A265A	{'file': 'None'}	1849908
FA56F7EB-3EF9-11E8-A5CB-3FA3753A265A	{'file': 'None'}	1849909
FA56F851-3EF9-11E8-A5CB-3FA3753A265A	{'file': 'None'}	1849910
FAF0DC31-3EF9-11E8-A5CB-3FA3753A265A	{'file': 'None'}	1849911
FAF0DC94-3EF9-11E8-A5CB-3FA3753A265A	{'file': 'None'}	1849912
FB899161-3EF9-11E8-A5CB-3FA3753A265A	{'file': 'None'}	1849913
FB8991C3-3EF9-11E8-A5CB-3FA3753A265A	{'file': 'None'}	1849914
FC21DCB3-3EF9-11E8-A5CB-3FA3753A265A	{'file': 'None'}	1849915
FC21DD14-3EF9-11E8-A5CB-3FA3753A265A	{'file': 'None'}	1849916
FCBAB806-3EF9-11E8-A5CB-3FA3753A265A	{'file': 'None'}	1849917
FCBAB868-3EF9-11E8-A5CB-3FA3753A265A	{'file': 'None'}	1849918
FD51E3D9-3EF9-11E8-A5CB-3FA3753A265A	{'file': 'None'}	1849919
FDD339DE-3EF9-11E8-A5CB-3FA3753A265A	{'file': 'None'}	1849920
FDD35E74-3EF9-11E8-A5CB-3FA3753A265A	{'file': 'None'}	1849921
FD51E442-3EF9-11E8-A5CB-3FA3753A265A	{'file': 'None'}	1849922
FDEA5729-3EF9-11E8-A5CB-3FA3753A265A	{'file': 'None'}	1849923
FDEA578C-3EF9-11E8-A5CB-3FA3753A265A	{'file': 'None'}	1849924
FE85EF29-3EF9-11E8-A5CB-3FA3753A265A	{'file': 'None'}	1849925
FE85EF91-3EF9-11E8-A5CB-3FA3753A265A	{'file': 'None'}	1849926
FF1E8638-3EF9-11E8-A5CB-3FA3753A265A	{'file': 'None'}	1849927
FF1E8697-3EF9-11E8-A5CB-3FA3753A265A	{'file': 'None'}	1849928
FFB7199B-3EF9-11E8-A5CB-3FA3753A265A	{'file': 'None'}	1849929
FFB719FB-3EF9-11E8-A5CB-3FA3753A265A	{'file': 'None'}	1849930
004FB38C-3EFA-11E8-A5CB-3FA3753A265A	{'file': 'None'}	1849931
004FB3F0-3EFA-11E8-A5CB-3FA3753A265A	{'file': 'None'}	1849932
00E84884-3EFA-11E8-A5CB-3FA3753A265A	{'file': 'None'}	1849933
00E848E6-3EFA-11E8-A5CB-3FA3753A265A	{'file': 'None'}	1849934
017F534C-3EFA-11E8-A5CB-3FA3753A265A	{'file': 'None'}	1849935
017F53A9-3EFA-11E8-A5CB-3FA3753A265A	{'file': 'None'}	1849936
0219775D-3EFA-11E8-A5CB-3FA3753A265A	{'file': 'None'}	1849937
021977C2-3EFA-11E8-A5CB-3FA3753A265A	{'file': 'None'}	1849938
02B22263-3EFA-11E8-A5CB-3FA3753A265A	{'file': 'None'}	1849939
02B22309-3EFA-11E8-A5CB-3FA3753A265A	{'file': 'None'}	1849940
034AA23E-3EFA-11E8-A5CB-3FA3753A265A	{'file': 'None'}	1849941
034AA29D-3EFA-11E8-A5CB-3FA3753A265A	{'file': 'None'}	1849942
03E363DB-3EFA-11E8-A5CB-3FA3753A265A	{'file': 'None'}	1849943
03E3646D-3EFA-11E8-A5CB-3FA3753A265A	{'file': 'None'}	1849944
0478D540-3EFA-11E8-A5CB-3FA3753A265A	{'file': 'None'}	1849945
0478D5A0-3EFA-11E8-A5CB-3FA3753A265A	{'file': 'None'}	1849946
05130F9C-3EFA-11E8-A5CB-3FA3753A265A	{'file': 'None'}	1849947
05131030-3EFA-11E8-A5CB-3FA3753A265A	{'file': 'None'}	1849948
05AA05D7-3EFA-11E8-A5CB-3FA3753A265A	{'file': 'None'}	1849949
05AA0642-3EFA-11E8-A5CB-3FA3753A265A	{'file': 'None'}	1849950
0643D970-3EFA-11E8-A5CB-3FA3753A265A	{'file': 'None'}	1849951
0643D9D6-3EFA-11E8-A5CB-3FA3753A265A	{'file': 'None'}	1849952
06DE3D0F-3EFA-11E8-A5CB-3FA3753A265A	{'file': 'None'}	1849953
06DE3DA2-3EFA-11E8-A5CB-3FA3753A265A	{'file': 'None'}	1849954
07753B9A-3EFA-11E8-A5CB-3FA3753A265A	{'file': 'None'}	1849955
07753BFA-3EFA-11E8-A5CB-3FA3753A265A	{'file': 'None'}	1849956
080DD0C8-3EFA-11E8-A5CB-3FA3753A265A	{'file': 'None'}	1849957
080DD127-3EFA-11E8-A5CB-3FA3753A265A	{'file': 'None'}	1849958
08A7FD81-3EFA-11E8-A5CB-3FA3753A265A	{'file': 'None'}	1849959
08A7FE17-3EFA-11E8-A5CB-3FA3753A265A	{'file': 'None'}	1849960
09409401-3EFA-11E8-A5CB-3FA3753A265A	{'file': 'None'}	1849961
09409462-3EFA-11E8-A5CB-3FA3753A265A	{'file': 'None'}	1849962
09D79328-3EFA-11E8-A5CB-3FA3753A265A	{'file': 'None'}	1849963
09D7938B-3EFA-11E8-A5CB-3FA3753A265A	{'file': 'None'}	1849964
0A704019-3EFA-11E8-A5CB-3FA3753A265A	{'file': 'None'}	1849965
0A704079-3EFA-11E8-A5CB-3FA3753A265A	{'file': 'None'}	1849966
0B0A6197-3EFA-11E8-A5CB-3FA3753A265A	{'file': 'None'}	1849967
0B0A61F9-3EFA-11E8-A5CB-3FA3753A265A	{'file': 'None'}	1849968
0BA00696-3EFA-11E8-A5CB-3FA3753A265A	{'file': 'None'}	1849969
0BA006FC-3EFA-11E8-A5CB-3FA3753A265A	{'file': 'None'}	1849970
0C3A2744-3EFA-11E8-A5CB-3FA3753A265A	{'file': 'None'}	1849971
0C3A27E2-3EFA-11E8-A5CB-3FA3753A265A	{'file': 'None'}	1849972
0CD10751-3EFA-11E8-A5CB-3FA3753A265A	{'file': 'None'}	1849973
0CD107B1-3EFA-11E8-A5CB-3FA3753A265A	{'file': 'None'}	1849974
0D6CA1F9-3EFA-11E8-A5CB-3FA3753A265A	{'file': 'None'}	1849975
0D6CA25A-3EFA-11E8-A5CB-3FA3753A265A	{'file': 'None'}	1849976
0E053960-3EFA-11E8-A5CB-3FA3753A265A	{'file': 'None'}	1849977
0E0539C1-3EFA-11E8-A5CB-3FA3753A265A	{'file': 'None'}	1849978
0E9DCCA0-3EFA-11E8-A5CB-3FA3753A265A	{'file': 'None'}	1849979
0E9DCD05-3EFA-11E8-A5CB-3FA3753A265A	{'file': 'None'}	1849980
0F368D17-3EFA-11E8-A5CB-3FA3753A265A	{'file': 'None'}	1849981
0F368DAE-3EFA-11E8-A5CB-3FA3753A265A	{'file': 'None'}	1849982
0FCD8F40-3EFA-11E8-A5CB-3FA3753A265A	{'file': 'None'}	1849983
0FCD8FA3-3EFA-11E8-A5CB-3FA3753A265A	{'file': 'None'}	1849984
1067A9A9-3EFA-11E8-A5CB-3FA3753A265A	{'file': 'None'}	1849985
1067AA06-3EFA-11E8-A5CB-3FA3753A265A	{'file': 'None'}	1849986
10FD4FA4-3EFA-11E8-A5CB-3FA3753A265A	{'file': 'None'}	1849987
10FD5004-3EFA-11E8-A5CB-3FA3753A265A	{'file': 'None'}	1849988
1195CAFA-3EFA-11E8-A5CB-3FA3753A265A	{'file': 'None'}	1849989
1195CB60-3EFA-11E8-A5CB-3FA3753A265A	{'file': 'None'}	1849990
122E7F09-3EFA-11E8-A5CB-3FA3753A265A	{'file': 'None'}	1849991
122E7F74-3EFA-11E8-A5CB-3FA3753A265A	{'file': 'None'}	1849992
12C87E44-3EFA-11E8-A5CB-3FA3753A265A	{'file': 'None'}	1849993
12C87EA4-3EFA-11E8-A5CB-3FA3753A265A	{'file': 'None'}	1849994
1360FA4C-3EFA-11E8-A5CB-3FA3753A265A	{'file': 'None'}	1849995
1360FAAF-3EFA-11E8-A5CB-3FA3753A265A	{'file': 'None'}	1849996
13FB28E8-3EFA-11E8-A5CB-3FA3753A265A	{'file': 'None'}	1849997
13FB2946-3EFA-11E8-A5CB-3FA3753A265A	{'file': 'None'}	1849998
1492414D-3EFA-11E8-A5CB-3FA3753A265A	{'file': 'None'}	1849999
149241AD-3EFA-11E8-A5CB-3FA3753A265A	{'file': 'None'}	1850000
152ABCF8-3EFA-11E8-A5CB-3FA3753A265A	{'file': 'None'}	1850001
152ABD59-3EFA-11E8-A5CB-3FA3753A265A	{'file': 'None'}	1850002
15C354F8-3EFA-11E8-A5CB-3FA3753A265A	{'file': 'None'}	1850003
15C3555E-3EFA-11E8-A5CB-3FA3753A265A	{'file': 'None'}	1850004
165BED3F-3EFA-11E8-A5CB-3FA3753A265A	{'file': 'None'}	1850005
165BEDA0-3EFA-11E8-A5CB-3FA3753A265A	{'file': 'None'}	1850006
16F4AE61-3EFA-11E8-A5CB-3FA3753A265A	{'file': 'None'}	1850007
16F4AEF9-3EFA-11E8-A5CB-3FA3753A265A	{'file': 'None'}	1850008
178BA1F0-3EFA-11E8-A5CB-3FA3753A265A	{'file': 'None'}	1850009
178BA258-3EFA-11E8-A5CB-3FA3753A265A	{'file': 'None'}	1850010
1825A958-3EFA-11E8-A5CB-3FA3753A265A	{'file': 'None'}	1850011
1825A9C0-3EFA-11E8-A5CB-3FA3753A265A	{'file': 'None'}	1850012
18BE3EB0-3EFA-11E8-A5CB-3FA3753A265A	{'file': 'None'}	1850013
18BE3F12-3EFA-11E8-A5CB-3FA3753A265A	{'file': 'None'}	1850014
1956D57D-3EFA-11E8-A5CB-3FA3753A265A	{'file': 'None'}	1850015
1956D5E7-3EFA-11E8-A5CB-3FA3753A265A	{'file': 'None'}	1850016
19EF6BBC-3EFA-11E8-A5CB-3FA3753A265A	{'file': 'None'}	1850017
19EF6C21-3EFA-11E8-A5CB-3FA3753A265A	{'file': 'None'}	1850018
1A88037B-3EFA-11E8-A5CB-3FA3753A265A	{'file': 'None'}	1850019
1A8803E4-3EFA-11E8-A5CB-3FA3753A265A	{'file': 'None'}	1850020
1B2099D9-3EFA-11E8-A5CB-3FA3753A265A	{'file': 'None'}	1850021
1B209A40-3EFA-11E8-A5CB-3FA3753A265A	{'file': 'None'}	1850022
1BB94645-3EFA-11E8-A5CB-3FA3753A265A	{'file': 'None'}	1850023
1BB946E1-3EFA-11E8-A5CB-3FA3753A265A	{'file': 'None'}	1850024
1C51DE99-3EFA-11E8-A5CB-3FA3753A265A	{'file': 'None'}	1850025
1C51DF34-3EFA-11E8-A5CB-3FA3753A265A	{'file': 'None'}	1850026
1CEA5CF5-3EFA-11E8-A5CB-3FA3753A265A	{'file': 'None'}	1850027
1CEA5D61-3EFA-11E8-A5CB-3FA3753A265A	{'file': 'None'}	1850028
1D82F3E6-3EFA-11E8-A5CB-3FA3753A265A	{'file': 'None'}	1850029
1D82F44A-3EFA-11E8-A5CB-3FA3753A265A	{'file': 'None'}	1850030
1E1B88F9-3EFA-11E8-A5CB-3FA3753A265A	{'file': 'None'}	1850031
1E1B8959-3EFA-11E8-A5CB-3FA3753A265A	{'file': 'None'}	1850032
1EB408AE-3EFA-11E8-A5CB-3FA3753A265A	{'file': 'None'}	1850033
1EB40911-3EFA-11E8-A5CB-3FA3753A265A	{'file': 'None'}	1850034
1F4CDD2C-3EFA-11E8-A5CB-3FA3753A265A	{'file': 'None'}	1850035
1F4CDDC7-3EFA-11E8-A5CB-3FA3753A265A	{'file': 'None'}	1850036
1FE56762-3EFA-11E8-A5CB-3FA3753A265A	{'file': 'None'}	1850037
1FE567C5-3EFA-11E8-A5CB-3FA3753A265A	{'file': 'None'}	1850038
207F8203-3EFA-11E8-A5CB-3FA3753A265A	{'file': 'None'}	1850039
207F8263-3EFA-11E8-A5CB-3FA3753A265A	{'file': 'None'}	1850040
21181CC7-3EFA-11E8-A5CB-3FA3753A265A	{'file': 'None'}	1850041
219CB048-3EFA-11E8-A5CB-3FA3753A265A	{'file': 'None'}	1850042
219CD847-3EFA-11E8-A5CB-3FA3753A265A	{'file': 'None'}	1850043
21181D2E-3EFA-11E8-A5CB-3FA3753A265A	{'file': 'None'}	1850044
21AF1567-3EFA-11E8-A5CB-3FA3753A265A	{'file': 'None'}	1850045
21AF15F6-3EFA-11E8-A5CB-3FA3753A265A	{'file': 'None'}	1850046
22478FE6-3EFA-11E8-A5CB-3FA3753A265A	{'file': 'None'}	1850047
22479045-3EFA-11E8-A5CB-3FA3753A265A	{'file': 'None'}	1850048
22E05834-3EFA-11E8-A5CB-3FA3753A265A	{'file': 'None'}	1850049
22E05895-3EFA-11E8-A5CB-3FA3753A265A	{'file': 'None'}	1850050
237A76E6-3EFA-11E8-A5CB-3FA3753A265A	{'file': 'None'}	1850051
237A774A-3EFA-11E8-A5CB-3FA3753A265A	{'file': 'None'}	1850052
24118872-3EFA-11E8-A5CB-3FA3753A265A	{'file': 'None'}	1850053
241188D5-3EFA-11E8-A5CB-3FA3753A265A	{'file': 'None'}	1850054
24A8AFFF-3EFA-11E8-A5CB-3FA3753A265A	{'file': 'None'}	1850055
24A8B065-3EFA-11E8-A5CB-3FA3753A265A	{'file': 'None'}	1850056
2542B381-3EFA-11E8-A5CB-3FA3753A265A	{'file': 'None'}	1850057
2542B3E6-3EFA-11E8-A5CB-3FA3753A265A	{'file': 'None'}	1850058
25D9E27D-3EFA-11E8-A5CB-3FA3753A265A	{'file': 'None'}	1850059
25D9E2DB-3EFA-11E8-A5CB-3FA3753A265A	{'file': 'None'}	1850060
26725868-3EFA-11E8-A5CB-3FA3753A265A	{'file': 'None'}	1850061
267258CF-3EFA-11E8-A5CB-3FA3753A265A	{'file': 'None'}	1850062
270C62FE-3EFA-11E8-A5CB-3FA3753A265A	{'file': 'None'}	1850063
270C6363-3EFA-11E8-A5CB-3FA3753A265A	{'file': 'None'}	1850064
27A68099-3EFA-11E8-A5CB-3FA3753A265A	{'file': 'None'}	1850065
27A680FD-3EFA-11E8-A5CB-3FA3753A265A	{'file': 'None'}	1850066
283D88C5-3EFA-11E8-A5CB-3FA3753A265A	{'file': 'None'}	1850067
283D8926-3EFA-11E8-A5CB-3FA3753A265A	{'file': 'None'}	1850068
28D6224C-3EFA-11E8-A5CB-3FA3753A265A	{'file': 'None'}	1850069
28D622AB-3EFA-11E8-A5CB-3FA3753A265A	{'file': 'None'}	1850070
297058BE-3EFA-11E8-A5CB-3FA3753A265A	{'file': 'None'}	1850071
29705983-3EFA-11E8-A5CB-3FA3753A265A	{'file': 'None'}	1850072
2A08EFFC-3EFA-11E8-A5CB-3FA3753A265A	{'file': 'None'}	1850073
2A08F063-3EFA-11E8-A5CB-3FA3753A265A	{'file': 'None'}	1850074
2AA00575-3EFA-11E8-A5CB-3FA3753A265A	{'file': 'None'}	1850075
2AA005D5-3EFA-11E8-A5CB-3FA3753A265A	{'file': 'None'}	1850076
2B372B3B-3EFA-11E8-A5CB-3FA3753A265A	{'file': 'None'}	1850077
2B372BA0-3EFA-11E8-A5CB-3FA3753A265A	{'file': 'None'}	1850078
2BCFAAFD-3EFA-11E8-A5CB-3FA3753A265A	{'file': 'None'}	1850079
2BCFAB5D-3EFA-11E8-A5CB-3FA3753A265A	{'file': 'None'}	1850080
2C69C817-3EFA-11E8-A5CB-3FA3753A265A	{'file': 'None'}	1850081
2C69C87B-3EFA-11E8-A5CB-3FA3753A265A	{'file': 'None'}	1850082
2D03CBDE-3EFA-11E8-A5CB-3FA3753A265A	{'file': 'None'}	1850083
2D03CC41-3EFA-11E8-A5CB-3FA3753A265A	{'file': 'None'}	1850084
2D9C617C-3EFA-11E8-A5CB-3FA3753A265A	{'file': 'None'}	1850085
2D9C61DF-3EFA-11E8-A5CB-3FA3753A265A	{'file': 'None'}	1850086
2E350B63-3EFA-11E8-A5CB-3FA3753A265A	{'file': 'None'}	1850087
2E350BFA-3EFA-11E8-A5CB-3FA3753A265A	{'file': 'None'}	1850088
2ECC1CEE-3EFA-11E8-A5CB-3FA3753A265A	{'file': 'None'}	1850089
2ECC1D81-3EFA-11E8-A5CB-3FA3753A265A	{'file': 'None'}	1850090
2F64AFE4-3EFA-11E8-A5CB-3FA3753A265A	{'file': 'None'}	1850091
2F64B076-3EFA-11E8-A5CB-3FA3753A265A	{'file': 'None'}	1850092
2FFD49F7-3EFA-11E8-A5CB-3FA3753A265A	{'file': 'None'}	1850093
2FFD4A85-3EFA-11E8-A5CB-3FA3753A265A	{'file': 'None'}	1850094
3095E18F-3EFA-11E8-A5CB-3FA3753A265A	{'file': 'None'}	1850095
3095E21E-3EFA-11E8-A5CB-3FA3753A265A	{'file': 'None'}	1850096
312D0952-3EFA-11E8-A5CB-3FA3753A265A	{'file': 'None'}	1850097
312D09B7-3EFA-11E8-A5CB-3FA3753A265A	{'file': 'None'}	1850098
31C88017-3EFA-11E8-A5CB-3FA3753A265A	{'file': 'None'}	1850099
31C8807A-3EFA-11E8-A5CB-3FA3753A265A	{'file': 'None'}	1850100
32611345-3EFA-11E8-A5CB-3FA3753A265A	{'file': 'None'}	1850101
326113A5-3EFA-11E8-A5CB-3FA3753A265A	{'file': 'None'}	1850102
32F9AA3B-3EFA-11E8-A5CB-3FA3753A265A	{'file': 'None'}	1850103
32F9AA9B-3EFA-11E8-A5CB-3FA3753A265A	{'file': 'None'}	1850104
339253C3-3EFA-11E8-A5CB-3FA3753A265A	{'file': 'None'}	1850105
33925459-3EFA-11E8-A5CB-3FA3753A265A	{'file': 'None'}	1850106
34296543-3EFA-11E8-A5CB-3FA3753A265A	{'file': 'None'}	1850107
342965D8-3EFA-11E8-A5CB-3FA3753A265A	{'file': 'None'}	1850108
34C0908F-3EFA-11E8-A5CB-3FA3753A265A	{'file': 'None'}	1850109
34C090F4-3EFA-11E8-A5CB-3FA3753A265A	{'file': 'None'}	1850110
3559018D-3EFA-11E8-A5CB-3FA3753A265A	{'file': 'None'}	1850111
355901F1-3EFA-11E8-A5CB-3FA3753A265A	{'file': 'None'}	1850112
35F1BE7A-3EFA-11E8-A5CB-3FA3753A265A	{'file': 'None'}	1850113
35F1BEDF-3EFA-11E8-A5CB-3FA3753A265A	{'file': 'None'}	1850114
368A32B4-3EFA-11E8-A5CB-3FA3753A265A	{'file': 'None'}	1850115
368A331A-3EFA-11E8-A5CB-3FA3753A265A	{'file': 'None'}	1850116
3722EB10-3EFA-11E8-A5CB-3FA3753A265A	{'file': 'None'}	1850117
3722EB73-3EFA-11E8-A5CB-3FA3753A265A	{'file': 'None'}	1850118
37BB6058-3EFA-11E8-A5CB-3FA3753A265A	{'file': 'None'}	1850119
37BB60BA-3EFA-11E8-A5CB-3FA3753A265A	{'file': 'None'}	1850120
3856F4B7-3EFA-11E8-A5CB-3FA3753A265A	{'file': 'None'}	1850121
3856F51E-3EFA-11E8-A5CB-3FA3753A265A	{'file': 'None'}	1850122
38EFB34F-3EFA-11E8-A5CB-3FA3753A265A	{'file': 'None'}	1850123
38EFB3ED-3EFA-11E8-A5CB-3FA3753A265A	{'file': 'None'}	1850124
3986AB13-3EFA-11E8-A5CB-3FA3753A265A	{'file': 'None'}	1850125
3986ABB0-3EFA-11E8-A5CB-3FA3753A265A	{'file': 'None'}	1850126
3A20B6DF-3EFA-11E8-A5CB-3FA3753A265A	{'file': 'None'}	1850127
3A20B747-3EFA-11E8-A5CB-3FA3753A265A	{'file': 'None'}	1850128
3AB94ED4-3EFA-11E8-A5CB-3FA3753A265A	{'file': 'None'}	1850129
3AB94F3C-3EFA-11E8-A5CB-3FA3753A265A	{'file': 'None'}	1850130
3B51E555-3EFA-11E8-A5CB-3FA3753A265A	{'file': 'None'}	1850131
3B51E5B6-3EFA-11E8-A5CB-3FA3753A265A	{'file': 'None'}	1850132
3BEA8C4B-3EFA-11E8-A5CB-3FA3753A265A	{'file': 'None'}	1850133
3BEA8CDF-3EFA-11E8-A5CB-3FA3753A265A	{'file': 'None'}	1850134
3C831117-3EFA-11E8-A5CB-3FA3753A265A	{'file': 'None'}	1850135
3C83117E-3EFA-11E8-A5CB-3FA3753A265A	{'file': 'None'}	1850136
3D1BA7D2-3EFA-11E8-A5CB-3FA3753A265A	{'file': 'None'}	1850137
3D1BA835-3EFA-11E8-A5CB-3FA3753A265A	{'file': 'None'}	1850138
3DB43F55-3EFA-11E8-A5CB-3FA3753A265A	{'file': 'None'}	1850139
3DB43FB8-3EFA-11E8-A5CB-3FA3753A265A	{'file': 'None'}	1850140
3E4CD889-3EFA-11E8-A5CB-3FA3753A265A	{'file': 'None'}	1850141
3E4CD8EE-3EFA-11E8-A5CB-3FA3753A265A	{'file': 'None'}	1850142
3EE56CFC-3EFA-11E8-A5CB-3FA3753A265A	{'file': 'None'}	1850143
3EE56D60-3EFA-11E8-A5CB-3FA3753A265A	{'file': 'None'}	1850144
3F7C8492-3EFA-11E8-A5CB-3FA3753A265A	{'file': 'None'}	1850145
3F7C84F5-3EFA-11E8-A5CB-3FA3753A265A	{'file': 'None'}	1850146
4016AD23-3EFA-11E8-A5CB-3FA3753A265A	{'file': 'None'}	1850147
4016AD89-3EFA-11E8-A5CB-3FA3753A265A	{'file': 'None'}	1850148
40AC68F7-3EFA-11E8-A5CB-3FA3753A265A	{'file': 'None'}	1850149
40AC698F-3EFA-11E8-A5CB-3FA3753A265A	{'file': 'None'}	1850150
414655F7-3EFA-11E8-A5CB-3FA3753A265A	{'file': 'None'}	1850151
4146565C-3EFA-11E8-A5CB-3FA3753A265A	{'file': 'None'}	1850152
41E07078-3EFA-11E8-A5CB-3FA3753A265A	{'file': 'None'}	1850153
41E070DC-3EFA-11E8-A5CB-3FA3753A265A	{'file': 'None'}	1850154
4279044C-3EFA-11E8-A5CB-3FA3753A265A	{'file': 'None'}	1850155
427904AF-3EFA-11E8-A5CB-3FA3753A265A	{'file': 'None'}	1850156
43101CD1-3EFA-11E8-A5CB-3FA3753A265A	{'file': 'None'}	1850157
43101D34-3EFA-11E8-A5CB-3FA3753A265A	{'file': 'None'}	1850158
43AA2083-3EFA-11E8-A5CB-3FA3753A265A	{'file': 'None'}	1850159
43AA20E6-3EFA-11E8-A5CB-3FA3753A265A	{'file': 'None'}	1850160
44494A43-3EFA-11E8-A5CB-3FA3753A265A	{'file': 'None'}	1850161
44494AA3-3EFA-11E8-A5CB-3FA3753A265A	{'file': 'None'}	1850162
44D85039-3EFA-11E8-A5CB-3FA3753A265A	{'file': 'None'}	1850163
456263CC-3EFA-11E8-A5CB-3FA3753A265A	{'file': 'None'}	1850164
45628975-3EFA-11E8-A5CB-3FA3753A265A	{'file': 'None'}	1850165
44D850D2-3EFA-11E8-A5CB-3FA3753A265A	{'file': 'None'}	1850166
4573F5CE-3EFA-11E8-A5CB-3FA3753A265A	{'file': 'None'}	1850167
4573F633-3EFA-11E8-A5CB-3FA3753A265A	{'file': 'None'}	1850168
46099CF4-3EFA-11E8-A5CB-3FA3753A265A	{'file': 'None'}	1850169
46099D5A-3EFA-11E8-A5CB-3FA3753A265A	{'file': 'None'}	1850170
46A224BF-3EFA-11E8-A5CB-3FA3753A265A	{'file': 'None'}	1850171
46A22559-3EFA-11E8-A5CB-3FA3753A265A	{'file': 'None'}	1850172
473AE142-3EFA-11E8-A5CB-3FA3753A265A	{'file': 'None'}	1850173
473AE1CF-3EFA-11E8-A5CB-3FA3753A265A	{'file': 'None'}	1850174
47D4E8D8-3EFA-11E8-A5CB-3FA3753A265A	{'file': 'None'}	1850175
47D4E970-3EFA-11E8-A5CB-3FA3753A265A	{'file': 'None'}	1850176
486BE4D2-3EFA-11E8-A5CB-3FA3753A265A	{'file': 'None'}	1850177
486BE534-3EFA-11E8-A5CB-3FA3753A265A	{'file': 'None'}	1850178
4905E5C6-3EFA-11E8-A5CB-3FA3753A265A	{'file': 'None'}	1850179
4905E62A-3EFA-11E8-A5CB-3FA3753A265A	{'file': 'None'}	1850180
49A011D5-3EFA-11E8-A5CB-3FA3753A265A	{'file': 'None'}	1850181
49A01234-3EFA-11E8-A5CB-3FA3753A265A	{'file': 'None'}	1850182
4A38AE01-3EFA-11E8-A5CB-3FA3753A265A	{'file': 'None'}	1850183
4A38AE64-3EFA-11E8-A5CB-3FA3753A265A	{'file': 'None'}	1850184
4ACFC3A6-3EFA-11E8-A5CB-3FA3753A265A	{'file': 'None'}	1850185
4ACFC407-3EFA-11E8-A5CB-3FA3753A265A	{'file': 'None'}	1850186
4B69C525-3EFA-11E8-A5CB-3FA3753A265A	{'file': 'None'}	1850187
4B69C589-3EFA-11E8-A5CB-3FA3753A265A	{'file': 'None'}	1850188
4C00DDAB-3EFA-11E8-A5CB-3FA3753A265A	{'file': 'None'}	1850189
4C00DE35-3EFA-11E8-A5CB-3FA3753A265A	{'file': 'None'}	1850190
4C996BEA-3EFA-11E8-A5CB-3FA3753A265A	{'file': 'None'}	1850191
4C996C4E-3EFA-11E8-A5CB-3FA3753A265A	{'file': 'None'}	1850192
4D339B26-3EFA-11E8-A5CB-3FA3753A265A	{'file': 'None'}	1850193
4D339B8A-3EFA-11E8-A5CB-3FA3753A265A	{'file': 'None'}	1850194
4DCC1D97-3EFA-11E8-A5CB-3FA3753A265A	{'file': 'None'}	1850195
4DCC1DFB-3EFA-11E8-A5CB-3FA3753A265A	{'file': 'None'}	1850196
4E64CC1C-3EFA-11E8-A5CB-3FA3753A265A	{'file': 'None'}	1850197
4E64CC7F-3EFA-11E8-A5CB-3FA3753A265A	{'file': 'None'}	1850198
4EFD6102-3EFA-11E8-A5CB-3FA3753A265A	{'file': 'None'}	1850199
4EFD6165-3EFA-11E8-A5CB-3FA3753A265A	{'file': 'None'}	1850200
4F945B25-3EFA-11E8-A5CB-3FA3753A265A	{'file': 'None'}	1850201
4F945B88-3EFA-11E8-A5CB-3FA3753A265A	{'file': 'None'}	1850202
502E8B0A-3EFA-11E8-A5CB-3FA3753A265A	{'file': 'None'}	1850203
502E8B76-3EFA-11E8-A5CB-3FA3753A265A	{'file': 'None'}	1850204
50C584DF-3EFA-11E8-A5CB-3FA3753A265A	{'file': 'None'}	1850205
50C58542-3EFA-11E8-A5CB-3FA3753A265A	{'file': 'None'}	1850206
515E194F-3EFA-11E8-A5CB-3FA3753A265A	{'file': 'None'}	1850207
4FC5F196-73EE-255E-AE73-689EBE25EF91	{'file': '/var/mail/charles.lock'}	1850208
515E19B4-3EFA-11E8-A5CB-3FA3753A265A	{'file': 'None'}	1850209
51F6AFBA-3EFA-11E8-A5CB-3FA3753A265A	{'file': 'None'}	1850210
51F6B01E-3EFA-11E8-A5CB-3FA3753A265A	{'file': 'None'}	1850211
528F4896-3EFA-11E8-A5CB-3FA3753A265A	{'file': 'None'}	1850212
528F48F8-3EFA-11E8-A5CB-3FA3753A265A	{'file': 'None'}	1850213
5327DD6A-3EFA-11E8-A5CB-3FA3753A265A	{'file': 'None'}	1850214
5327DDD1-3EFA-11E8-A5CB-3FA3753A265A	{'file': 'None'}	1850215
53C07060-3EFA-11E8-A5CB-3FA3753A265A	{'file': 'None'}	1850216
53C070C4-3EFA-11E8-A5CB-3FA3753A265A	{'file': 'None'}	1850217
545908DC-3EFA-11E8-A5CB-3FA3753A265A	{'file': 'None'}	1850218
54590941-3EFA-11E8-A5CB-3FA3753A265A	{'file': 'None'}	1850219
54F19F48-3EFA-11E8-A5CB-3FA3753A265A	{'file': 'None'}	1850220
54F19FAC-3EFA-11E8-A5CB-3FA3753A265A	{'file': 'None'}	1850221
558A33C8-3EFA-11E8-A5CB-3FA3753A265A	{'file': 'None'}	1850222
558A342A-3EFA-11E8-A5CB-3FA3753A265A	{'file': 'None'}	1850223
5622CD58-3EFA-11E8-A5CB-3FA3753A265A	{'file': 'None'}	1850224
5622CDC3-3EFA-11E8-A5CB-3FA3753A265A	{'file': 'None'}	1850225
56BB63E3-3EFA-11E8-A5CB-3FA3753A265A	{'file': 'None'}	1850226
56BB6449-3EFA-11E8-A5CB-3FA3753A265A	{'file': 'None'}	1850227
5753F950-3EFA-11E8-A5CB-3FA3753A265A	{'file': 'None'}	1850228
5753F9B8-3EFA-11E8-A5CB-3FA3753A265A	{'file': 'None'}	1850229
57EC8E9D-3EFA-11E8-A5CB-3FA3753A265A	{'file': 'None'}	1850230
57EC8EFE-3EFA-11E8-A5CB-3FA3753A265A	{'file': 'None'}	1850231
588524E2-3EFA-11E8-A5CB-3FA3753A265A	{'file': 'None'}	1850232
58852546-3EFA-11E8-A5CB-3FA3753A265A	{'file': 'None'}	1850233
591DBDF3-3EFA-11E8-A5CB-3FA3753A265A	{'file': 'None'}	1850234
591DBF72-3EFA-11E8-A5CB-3FA3753A265A	{'file': 'None'}	1850235
59B652E2-3EFA-11E8-A5CB-3FA3753A265A	{'file': 'None'}	1850236
59B65344-3EFA-11E8-A5CB-3FA3753A265A	{'file': 'None'}	1850237
5A4EEA9D-3EFA-11E8-A5CB-3FA3753A265A	{'file': 'None'}	1850238
5A4EEB02-3EFA-11E8-A5CB-3FA3753A265A	{'file': 'None'}	1850239
5AE77F5B-3EFA-11E8-A5CB-3FA3753A265A	{'file': 'None'}	1850240
5AE77FBD-3EFA-11E8-A5CB-3FA3753A265A	{'file': 'None'}	1850241
5B8017D6-3EFA-11E8-A5CB-3FA3753A265A	{'file': 'None'}	1850242
5B80183B-3EFA-11E8-A5CB-3FA3753A265A	{'file': 'None'}	1850243
5C18AE50-3EFA-11E8-A5CB-3FA3753A265A	{'file': 'None'}	1850244
5C18AEB6-3EFA-11E8-A5CB-3FA3753A265A	{'file': 'None'}	1850245
5CB14355-3EFA-11E8-A5CB-3FA3753A265A	{'file': 'None'}	1850246
5CB143B9-3EFA-11E8-A5CB-3FA3753A265A	{'file': 'None'}	1850247
5D49D992-3EFA-11E8-A5CB-3FA3753A265A	{'file': 'None'}	1850248
5D49D9F4-3EFA-11E8-A5CB-3FA3753A265A	{'file': 'None'}	1850249
5DE26FAC-3EFA-11E8-A5CB-3FA3753A265A	{'file': 'None'}	1850250
5DE2700F-3EFA-11E8-A5CB-3FA3753A265A	{'file': 'None'}	1850251
5E7AF933-3EFA-11E8-A5CB-3FA3753A265A	{'file': 'None'}	1850252
5E7AF996-3EFA-11E8-A5CB-3FA3753A265A	{'file': 'None'}	1850253
5F152915-3EFA-11E8-A5CB-3FA3753A265A	{'file': 'None'}	1850254
5F152975-3EFA-11E8-A5CB-3FA3753A265A	{'file': 'None'}	1850255
5FAD6211-3EFA-11E8-A5CB-3FA3753A265A	{'file': 'None'}	1850256
5FAD6273-3EFA-11E8-A5CB-3FA3753A265A	{'file': 'None'}	1850257
60467030-3EFA-11E8-A5CB-3FA3753A265A	{'file': 'None'}	1850258
60467099-3EFA-11E8-A5CB-3FA3753A265A	{'file': 'None'}	1850259
60DEFFD2-3EFA-11E8-A5CB-3FA3753A265A	{'file': 'None'}	1850260
60DF0032-3EFA-11E8-A5CB-3FA3753A265A	{'file': 'None'}	1850261
61761730-3EFA-11E8-A5CB-3FA3753A265A	{'file': 'None'}	1850262
61761791-3EFA-11E8-A5CB-3FA3753A265A	{'file': 'None'}	1850263
620D3DA0-3EFA-11E8-A5CB-3FA3753A265A	{'file': 'None'}	1850264
620D3E04-3EFA-11E8-A5CB-3FA3753A265A	{'file': 'None'}	1850265
62A5B134-3EFA-11E8-A5CB-3FA3753A265A	{'file': 'None'}	1850266
62A5B195-3EFA-11E8-A5CB-3FA3753A265A	{'file': 'None'}	1850267
63415EAC-3EFA-11E8-A5CB-3FA3753A265A	{'file': 'None'}	1850268
63415F11-3EFA-11E8-A5CB-3FA3753A265A	{'file': 'None'}	1850269
63D86C83-3EFA-11E8-A5CB-3FA3753A265A	{'file': 'None'}	1850270
E7371A21-A049-2457-89A0-0F09D724E5E5	{'file': '/home/charles/Archives.lock'}	1850271
7E46506C-8702-4E5E-8287-95901E4E7F5B	{'file': '/home/charles/Sent.lock'}	1850272
63D86CE5-3EFA-11E8-A5CB-3FA3753A265A	{'file': 'None'}	1850273
647101BE-3EFA-11E8-A5CB-3FA3753A265A	{'file': 'None'}	1850274
6471021F-3EFA-11E8-A5CB-3FA3753A265A	{'file': 'None'}	1850275
650B1F0C-3EFA-11E8-A5CB-3FA3753A265A	{'file': 'None'}	1850276
650B1F6D-3EFA-11E8-A5CB-3FA3753A265A	{'file': 'None'}	1850277
65A23032-3EFA-11E8-A5CB-3FA3753A265A	{'file': 'None'}	1850278
65A23094-3EFA-11E8-A5CB-3FA3753A265A	{'file': 'None'}	1850279
663973C5-3EFA-11E8-A5CB-3FA3753A265A	{'file': 'None'}	1850280
66397455-3EFA-11E8-A5CB-3FA3753A265A	{'file': 'None'}	1850281
66D4F684-3EFA-11E8-A5CB-3FA3753A265A	{'file': 'None'}	1850282
66D4F717-3EFA-11E8-A5CB-3FA3753A265A	{'file': 'None'}	1850283
676D7938-3EFA-11E8-A5CB-3FA3753A265A	{'file': 'None'}	1850284
676D79A5-3EFA-11E8-A5CB-3FA3753A265A	{'file': 'None'}	1850285
68062EEF-3EFA-11E8-A5CB-3FA3753A265A	{'file': 'None'}	1850286
68062F85-3EFA-11E8-A5CB-3FA3753A265A	{'file': 'None'}	1850287
689D1558-3EFA-11E8-A5CB-3FA3753A265A	{'file': 'None'}	1850288
6927B800-3EFA-11E8-A5CB-3FA3753A265A	{'file': 'None'}	1850289
6927DE59-3EFA-11E8-A5CB-3FA3753A265A	{'file': 'None'}	1850290
689D15B6-3EFA-11E8-A5CB-3FA3753A265A	{'file': 'None'}	1850291
6935BECB-3EFA-11E8-A5CB-3FA3753A265A	{'file': 'None'}	1850292
6935BF2E-3EFA-11E8-A5CB-3FA3753A265A	{'file': 'None'}	1850293
69CE5258-3EFA-11E8-A5CB-3FA3753A265A	{'file': 'None'}	1850294
69CE52BD-3EFA-11E8-A5CB-3FA3753A265A	{'file': 'None'}	1850295
6A66EAA2-3EFA-11E8-A5CB-3FA3753A265A	{'file': 'None'}	1850296
6A66EB00-3EFA-11E8-A5CB-3FA3753A265A	{'file': 'None'}	1850297
6AFF79CE-3EFA-11E8-A5CB-3FA3753A265A	{'file': 'None'}	1850298
6AFF7A2F-3EFA-11E8-A5CB-3FA3753A265A	{'file': 'None'}	1850299
6B96A996-3EFA-11E8-A5CB-3FA3753A265A	{'file': 'None'}	1850300
6B96A9F9-3EFA-11E8-A5CB-3FA3753A265A	{'file': 'None'}	1850301
6C30A850-3EFA-11E8-A5CB-3FA3753A265A	{'file': 'None'}	1850302
6C30A8B9-3EFA-11E8-A5CB-3FA3753A265A	{'file': 'None'}	1850303
6CC7D857-3EFA-11E8-A5CB-3FA3753A265A	{'file': 'None'}	1850304
6CC7D8B8-3EFA-11E8-A5CB-3FA3753A265A	{'file': 'None'}	1850305
6D61D6F8-3EFA-11E8-A5CB-3FA3753A265A	{'file': 'None'}	1850306
6D61D75B-3EFA-11E8-A5CB-3FA3753A265A	{'file': 'None'}	1850307
6DFBDCEE-3EFA-11E8-A5CB-3FA3753A265A	{'file': 'None'}	1850308
6DFBDD51-3EFA-11E8-A5CB-3FA3753A265A	{'file': 'None'}	1850309
6E9476DF-3EFA-11E8-A5CB-3FA3753A265A	{'file': 'None'}	1850310
6E947743-3EFA-11E8-A5CB-3FA3753A265A	{'file': 'None'}	1850311
6F3232F3-3EFA-11E8-A5CB-3FA3753A265A	{'file': 'None'}	1850312
6F323359-3EFA-11E8-A5CB-3FA3753A265A	{'file': 'None'}	1850313
6FC2A891-3EFA-11E8-A5CB-3FA3753A265A	{'file': 'None'}	1850314
6FC2A92C-3EFA-11E8-A5CB-3FA3753A265A	{'file': 'None'}	1850315
705CCB5C-3EFA-11E8-A5CB-3FA3753A265A	{'file': 'None'}	1850316
705CCBBD-3EFA-11E8-A5CB-3FA3753A265A	{'file': 'None'}	1850317
70F5788A-3EFA-11E8-A5CB-3FA3753A265A	{'file': 'None'}	1850318
71696EFC-3EFA-11E8-A5CB-3FA3753A265A	{'file': 'None'}	1850319
70F57924-3EFA-11E8-A5CB-3FA3753A265A	{'file': 'None'}	1850320
718C7B7F-3EFA-11E8-A5CB-3FA3753A265A	{'file': 'None'}	1850321
718C7BDD-3EFA-11E8-A5CB-3FA3753A265A	{'file': 'None'}	1850322
72282A5E-3EFA-11E8-A5CB-3FA3753A265A	{'file': 'None'}	1850323
72282B16-3EFA-11E8-A5CB-3FA3753A265A	{'file': 'None'}	1850324
72BD97C3-3EFA-11E8-A5CB-3FA3753A265A	{'file': 'None'}	1850325
72BD9826-3EFA-11E8-A5CB-3FA3753A265A	{'file': 'None'}	1850326
73579C81-3EFA-11E8-A5CB-3FA3753A265A	{'file': 'None'}	1850327
73579CE6-3EFA-11E8-A5CB-3FA3753A265A	{'file': 'None'}	1850328
73F0341B-3EFA-11E8-A5CB-3FA3753A265A	{'file': 'None'}	1850329
73F03482-3EFA-11E8-A5CB-3FA3753A265A	{'file': 'None'}	1850330
7488E26D-3EFA-11E8-A5CB-3FA3753A265A	{'file': 'None'}	1850331
7488E300-3EFA-11E8-A5CB-3FA3753A265A	{'file': 'None'}	1850332
75230196-3EFA-11E8-A5CB-3FA3753A265A	{'file': 'None'}	1850333
7523022C-3EFA-11E8-A5CB-3FA3753A265A	{'file': 'None'}	1850334
75B9FE5A-3EFA-11E8-A5CB-3FA3753A265A	{'file': 'None'}	1850335
E295B2C7-B885-6750-85B8-6FC290677B74	{'file': '/home/charles/Drafts.lock'}	1850336
75B9FEBB-3EFA-11E8-A5CB-3FA3753A265A	{'file': 'None'}	1850337
7652A8BF-3EFA-11E8-A5CB-3FA3753A265A	{'file': 'None'}	1850338
7652A920-3EFA-11E8-A5CB-3FA3753A265A	{'file': 'None'}	1850339
76EAF70F-3EFA-11E8-A5CB-3FA3753A265A	{'file': 'None'}	1850340
76EAF76F-3EFA-11E8-A5CB-3FA3753A265A	{'file': 'None'}	1850341
77855AA8-3EFA-11E8-A5CB-3FA3753A265A	{'file': 'None'}	1850342
77855B0E-3EFA-11E8-A5CB-3FA3753A265A	{'file': 'None'}	1850343
781C7DF5-3EFA-11E8-A5CB-3FA3753A265A	{'file': 'None'}	1850344
781C7ED7-3EFA-11E8-A5CB-3FA3753A265A	{'file': 'None'}	1850345
78B68545-3EFA-11E8-A5CB-3FA3753A265A	{'file': 'None'}	1850346
78B685E8-3EFA-11E8-A5CB-3FA3753A265A	{'file': 'None'}	1850347
794D9DAA-3EFA-11E8-A5CB-3FA3753A265A	{'file': 'None'}	1850348
794D9E09-3EFA-11E8-A5CB-3FA3753A265A	{'file': 'None'}	1850349
79E79DA4-3EFA-11E8-A5CB-3FA3753A265A	{'file': 'None'}	1850350
79E79E08-3EFA-11E8-A5CB-3FA3753A265A	{'file': 'None'}	1850351
7A804D67-3EFA-11E8-A5CB-3FA3753A265A	{'file': 'None'}	1850352
7A804DCA-3EFA-11E8-A5CB-3FA3753A265A	{'file': 'None'}	1850353
7B174155-3EFA-11E8-A5CB-3FA3753A265A	{'file': 'None'}	1850354
7B1741BC-3EFA-11E8-A5CB-3FA3753A265A	{'file': 'None'}	1850355
7BAFD88C-3EFA-11E8-A5CB-3FA3753A265A	{'file': 'None'}	1850356
7BAFD8EE-3EFA-11E8-A5CB-3FA3753A265A	{'file': 'None'}	1850357
7C486CEA-3EFA-11E8-A5CB-3FA3753A265A	{'file': 'None'}	1850358
7C486D4E-3EFA-11E8-A5CB-3FA3753A265A	{'file': 'None'}	1850359
7CE10369-3EFA-11E8-A5CB-3FA3753A265A	{'file': 'None'}	1850360
7CE103CC-3EFA-11E8-A5CB-3FA3753A265A	{'file': 'None'}	1850361
7D7999FF-3EFA-11E8-A5CB-3FA3753A265A	{'file': 'None'}	1850362
7D799A62-3EFA-11E8-A5CB-3FA3753A265A	{'file': 'None'}	1850363
7E12309B-3EFA-11E8-A5CB-3FA3753A265A	{'file': 'None'}	1850364
7E1230FE-3EFA-11E8-A5CB-3FA3753A265A	{'file': 'None'}	1850365
7EAACF34-3EFA-11E8-A5CB-3FA3753A265A	{'file': 'None'}	1850366
7EAACFBF-3EFA-11E8-A5CB-3FA3753A265A	{'file': 'None'}	1850367
7F435B79-3EFA-11E8-A5CB-3FA3753A265A	{'file': 'None'}	1850368
7F435BDB-3EFA-11E8-A5CB-3FA3753A265A	{'file': 'None'}	1850369
7FDBF3F1-3EFA-11E8-A5CB-3FA3753A265A	{'file': 'None'}	1850370
7FDBF455-3EFA-11E8-A5CB-3FA3753A265A	{'file': 'None'}	1850371
80748885-3EFA-11E8-A5CB-3FA3753A265A	{'file': 'None'}	1850372
807488E7-3EFA-11E8-A5CB-3FA3753A265A	{'file': 'None'}	1850373
810D1FE8-3EFA-11E8-A5CB-3FA3753A265A	{'file': 'None'}	1850374
810D204C-3EFA-11E8-A5CB-3FA3753A265A	{'file': 'None'}	1850375
81A5B6BF-3EFA-11E8-A5CB-3FA3753A265A	{'file': 'None'}	1850376
81A5B725-3EFA-11E8-A5CB-3FA3753A265A	{'file': 'None'}	1850377
823E4C57-3EFA-11E8-A5CB-3FA3753A265A	{'file': 'None'}	1850378
823E4CB9-3EFA-11E8-A5CB-3FA3753A265A	{'file': 'None'}	1850379
82D6E3B5-3EFA-11E8-A5CB-3FA3753A265A	{'file': 'None'}	1850380
82D6E419-3EFA-11E8-A5CB-3FA3753A265A	{'file': 'None'}	1850381
836F7A57-3EFA-11E8-A5CB-3FA3753A265A	{'file': 'None'}	1850382
836F7ABD-3EFA-11E8-A5CB-3FA3753A265A	{'file': 'None'}	1850383
840810C1-3EFA-11E8-A5CB-3FA3753A265A	{'file': 'None'}	1850384
84081127-3EFA-11E8-A5CB-3FA3753A265A	{'file': 'None'}	1850385
84A0A765-3EFA-11E8-A5CB-3FA3753A265A	{'file': 'None'}	1850386
84A0A7C8-3EFA-11E8-A5CB-3FA3753A265A	{'file': 'None'}	1850387
85393C88-3EFA-11E8-A5CB-3FA3753A265A	{'file': 'None'}	1850388
85393CEE-3EFA-11E8-A5CB-3FA3753A265A	{'file': 'None'}	1850389
85D1D43E-3EFA-11E8-A5CB-3FA3753A265A	{'file': 'None'}	1850390
85D1D4A6-3EFA-11E8-A5CB-3FA3753A265A	{'file': 'None'}	1850391
866A6C07-3EFA-11E8-A5CB-3FA3753A265A	{'file': 'None'}	1850392
866A6C70-3EFA-11E8-A5CB-3FA3753A265A	{'file': 'None'}	1850393
870304E1-3EFA-11E8-A5CB-3FA3753A265A	{'file': 'None'}	1850394
87030549-3EFA-11E8-A5CB-3FA3753A265A	{'file': 'None'}	1850395
879B989D-3EFA-11E8-A5CB-3FA3753A265A	{'file': 'None'}	1850396
879B9901-3EFA-11E8-A5CB-3FA3753A265A	{'file': 'None'}	1850397
88342E0C-3EFA-11E8-A5CB-3FA3753A265A	{'file': 'None'}	1850398
88342E72-3EFA-11E8-A5CB-3FA3753A265A	{'file': 'None'}	1850399
88CCC491-3EFA-11E8-A5CB-3FA3753A265A	{'file': 'None'}	1850400
88CCC4F8-3EFA-11E8-A5CB-3FA3753A265A	{'file': 'None'}	1850401
896559E3-3EFA-11E8-A5CB-3FA3753A265A	{'file': 'None'}	1850402
89655A48-3EFA-11E8-A5CB-3FA3753A265A	{'file': 'None'}	1850403
89FDF06A-3EFA-11E8-A5CB-3FA3753A265A	{'file': 'None'}	1850404
89FDF0CE-3EFA-11E8-A5CB-3FA3753A265A	{'file': 'None'}	1850405
8A9687B0-3EFA-11E8-A5CB-3FA3753A265A	{'file': 'None'}	1850406
8A968811-3EFA-11E8-A5CB-3FA3753A265A	{'file': 'None'}	1850407
8B2F1FBD-3EFA-11E8-A5CB-3FA3753A265A	{'file': 'None'}	1850408
8B2F2022-3EFA-11E8-A5CB-3FA3753A265A	{'file': 'None'}	1850409
8BC7B61F-3EFA-11E8-A5CB-3FA3753A265A	{'file': 'None'}	1850410
8BC7B688-3EFA-11E8-A5CB-3FA3753A265A	{'file': 'None'}	1850411
8C604C07-3EFA-11E8-A5CB-3FA3753A265A	{'file': 'None'}	1850412
8CEC8466-3EFA-11E8-A5CB-3FA3753A265A	{'file': 'None'}	1850413
8CECC381-3EFA-11E8-A5CB-3FA3753A265A	{'file': 'None'}	1850414
8C604C6D-3EFA-11E8-A5CB-3FA3753A265A	{'file': 'None'}	1850415
8CF8F9F8-3EFA-11E8-A5CB-3FA3753A265A	{'file': 'None'}	1850416
8CF8FA93-3EFA-11E8-A5CB-3FA3753A265A	{'file': 'None'}	1850417
8D91799F-3EFA-11E8-A5CB-3FA3753A265A	{'file': 'None'}	1850418
8D917A04-3EFA-11E8-A5CB-3FA3753A265A	{'file': 'None'}	1850419
8E2A0EFD-3EFA-11E8-A5CB-3FA3753A265A	{'file': 'None'}	1850420
8E2A0F63-3EFA-11E8-A5CB-3FA3753A265A	{'file': 'None'}	1850421
8EC2A5E4-3EFA-11E8-A5CB-3FA3753A265A	{'file': 'None'}	1850422
8EC2A64A-3EFA-11E8-A5CB-3FA3753A265A	{'file': 'None'}	1850423
8F5B3BC1-3EFA-11E8-A5CB-3FA3753A265A	{'file': 'None'}	1850424
8F5B3C25-3EFA-11E8-A5CB-3FA3753A265A	{'file': 'None'}	1850425
8FF3D578-3EFA-11E8-A5CB-3FA3753A265A	{'file': 'None'}	1850426
8FF3D5DA-3EFA-11E8-A5CB-3FA3753A265A	{'file': 'None'}	1850427
908C6AFA-3EFA-11E8-A5CB-3FA3753A265A	{'file': 'None'}	1850428
908C6B5E-3EFA-11E8-A5CB-3FA3753A265A	{'file': 'None'}	1850429
912501B6-3EFA-11E8-A5CB-3FA3753A265A	{'file': 'None'}	1850430
91250219-3EFA-11E8-A5CB-3FA3753A265A	{'file': 'None'}	1850431
91BD9685-3EFA-11E8-A5CB-3FA3753A265A	{'file': 'None'}	1850432
91BD96E8-3EFA-11E8-A5CB-3FA3753A265A	{'file': 'None'}	1850433
92562EB4-3EFA-11E8-A5CB-3FA3753A265A	{'file': 'None'}	1850434
92562F19-3EFA-11E8-A5CB-3FA3753A265A	{'file': 'None'}	1850435
92EEC4AE-3EFA-11E8-A5CB-3FA3753A265A	{'file': 'None'}	1850436
92EEC510-3EFA-11E8-A5CB-3FA3753A265A	{'file': 'None'}	1850437
93875A01-3EFA-11E8-A5CB-3FA3753A265A	{'file': 'None'}	1850438
93875A6A-3EFA-11E8-A5CB-3FA3753A265A	{'file': 'None'}	1850439
941FF0F6-3EFA-11E8-A5CB-3FA3753A265A	{'file': 'None'}	1850440
941FF15F-3EFA-11E8-A5CB-3FA3753A265A	{'file': 'None'}	1850441
94B88794-3EFA-11E8-A5CB-3FA3753A265A	{'file': 'None'}	1850442
952CDCC2-3EFA-11E8-A5CB-3FA3753A265A	{'file': 'None'}	1850443
CF4F4110-4BFD-005E-BD4B-98905E00692C	{'file': '/var/db/entropy/saved-entropy.8'}	1850444
94B887F4-3EFA-11E8-A5CB-3FA3753A265A	{'file': 'None'}	1850445
95511D2A-3EFA-11E8-A5CB-3FA3753A265A	{'file': 'None'}	1850446
95710495-3EFA-11E8-A5CB-3FA3753A265A	{'file': 'None'}	1850447
95711F02-3EFA-11E8-A5CB-3FA3753A265A	{'file': 'None'}	1850448
957137C0-3EFA-11E8-A5CB-3FA3753A265A	{'file': 'None'}	1850449
95714FC4-3EFA-11E8-A5CB-3FA3753A265A	{'file': 'None'}	1850450
95716795-3EFA-11E8-A5CB-3FA3753A265A	{'file': 'None'}	1850451
95717F5F-3EFA-11E8-A5CB-3FA3753A265A	{'file': 'None'}	1850452
95719751-3EFA-11E8-A5CB-3FA3753A265A	{'file': 'None'}	1850453
9571AF7D-3EFA-11E8-A5CB-3FA3753A265A	{'file': 'None'}	1850454
9571C7AC-3EFA-11E8-A5CB-3FA3753A265A	{'file': 'None'}	1850455
9571DF78-3EFA-11E8-A5CB-3FA3753A265A	{'file': 'None'}	1850456
9571F76C-3EFA-11E8-A5CB-3FA3753A265A	{'file': 'None'}	1850457
95720F66-3EFA-11E8-A5CB-3FA3753A265A	{'file': 'None'}	1850458
95722736-3EFA-11E8-A5CB-3FA3753A265A	{'file': 'None'}	1850459
95723F37-3EFA-11E8-A5CB-3FA3753A265A	{'file': 'None'}	1850460
9572578B-3EFA-11E8-A5CB-3FA3753A265A	{'file': 'None'}	1850461
95511D8B-3EFA-11E8-A5CB-3FA3753A265A	{'file': 'None'}	1850462
95E9B599-3EFA-11E8-A5CB-3FA3753A265A	{'file': 'None'}	1850463
95E9B5FE-3EFA-11E8-A5CB-3FA3753A265A	{'file': 'None'}	1850464
96824ABC-3EFA-11E8-A5CB-3FA3753A265A	{'file': 'None'}	1850465
96824B21-3EFA-11E8-A5CB-3FA3753A265A	{'file': 'None'}	1850466
971AEA00-3EFA-11E8-A5CB-3FA3753A265A	{'file': 'None'}	1850467
971AEA89-3EFA-11E8-A5CB-3FA3753A265A	{'file': 'None'}	1850468
97B37636-3EFA-11E8-A5CB-3FA3753A265A	{'file': 'None'}	1850469
97B37699-3EFA-11E8-A5CB-3FA3753A265A	{'file': 'None'}	1850470
984BF69C-3EFA-11E8-A5CB-3FA3753A265A	{'file': 'None'}	1850471
984BF6FE-3EFA-11E8-A5CB-3FA3753A265A	{'file': 'None'}	1850472
98E6321F-3EFA-11E8-A5CB-3FA3753A265A	{'file': 'None'}	1850473
98E632B3-3EFA-11E8-A5CB-3FA3753A265A	{'file': 'None'}	1850474
997D6EAB-3EFA-11E8-A5CB-3FA3753A265A	{'file': 'None'}	1850475
997D6F43-3EFA-11E8-A5CB-3FA3753A265A	{'file': 'None'}	1850476
9A146988-3EFA-11E8-A5CB-3FA3753A265A	{'file': 'None'}	1850477
9A1469E8-3EFA-11E8-A5CB-3FA3753A265A	{'file': 'None'}	1850478
9AAE977A-3EFA-11E8-A5CB-3FA3753A265A	{'file': 'None'}	1850479
9AAE985F-3EFA-11E8-A5CB-3FA3753A265A	{'file': 'None'}	1850480
9B48A0C0-3EFA-11E8-A5CB-3FA3753A265A	{'file': 'None'}	1850481
9B48A11E-3EFA-11E8-A5CB-3FA3753A265A	{'file': 'None'}	1850482
9BE11F71-3EFA-11E8-A5CB-3FA3753A265A	{'file': 'None'}	1850483
9BE11FD8-3EFA-11E8-A5CB-3FA3753A265A	{'file': 'None'}	1850484
9C7844CB-3EFA-11E8-A5CB-3FA3753A265A	{'file': 'None'}	1850485
9C784529-3EFA-11E8-A5CB-3FA3753A265A	{'file': 'None'}	1850486
9D1261F3-3EFA-11E8-A5CB-3FA3753A265A	{'file': 'None'}	1850487
9D9E831B-3EFA-11E8-A5CB-3FA3753A265A	{'file': 'None'}	1850488
9D9EA98F-3EFA-11E8-A5CB-3FA3753A265A	{'file': 'None'}	1850489
9D126257-3EFA-11E8-A5CB-3FA3753A265A	{'file': 'None'}	1850490
9DA9772C-3EFA-11E8-A5CB-3FA3753A265A	{'file': 'None'}	1850491
9DA9778E-3EFA-11E8-A5CB-3FA3753A265A	{'file': 'None'}	1850492
9E437AA6-3EFA-11E8-A5CB-3FA3753A265A	{'file': 'None'}	1850493
9E437B0B-3EFA-11E8-A5CB-3FA3753A265A	{'file': 'None'}	1850494
9EDC2FAE-3EFA-11E8-A5CB-3FA3753A265A	{'file': 'None'}	1850495
9EDC3011-3EFA-11E8-A5CB-3FA3753A265A	{'file': 'None'}	1850496
9F74A8B5-3EFA-11E8-A5CB-3FA3753A265A	{'file': 'None'}	1850497
9F74A916-3EFA-11E8-A5CB-3FA3753A265A	{'file': 'None'}	1850498
A00D5287-3EFA-11E8-A5CB-3FA3753A265A	{'file': 'None'}	1850499
A00D531E-3EFA-11E8-A5CB-3FA3753A265A	{'file': 'None'}	1850500
A0A45F79-3EFA-11E8-A5CB-3FA3753A265A	{'file': 'None'}	1850501
A0A46008-3EFA-11E8-A5CB-3FA3753A265A	{'file': 'None'}	1850502
A13E7F7F-3EFA-11E8-A5CB-3FA3753A265A	{'file': 'None'}	1850503
A13E7FE1-3EFA-11E8-A5CB-3FA3753A265A	{'file': 'None'}	1850504
A1DA4696-3EFA-11E8-A5CB-3FA3753A265A	{'file': 'None'}	1850505
A1DA4723-3EFA-11E8-A5CB-3FA3753A265A	{'file': 'None'}	1850506
A26CA714-3EFA-11E8-A5CB-3FA3753A265A	{'file': 'None'}	1850507
A26CA777-3EFA-11E8-A5CB-3FA3753A265A	{'file': 'None'}	1850508
A306BDCE-3EFA-11E8-A5CB-3FA3753A265A	{'file': 'None'}	1850509
A306BE32-3EFA-11E8-A5CB-3FA3753A265A	{'file': 'None'}	1850510
A39F6E38-3EFA-11E8-A5CB-3FA3753A265A	{'file': 'None'}	1850511
A39F6EC5-3EFA-11E8-A5CB-3FA3753A265A	{'file': 'None'}	1850512
A4368310-3EFA-11E8-A5CB-3FA3753A265A	{'file': 'None'}	1850513
A43683A9-3EFA-11E8-A5CB-3FA3753A265A	{'file': 'None'}	1850514
A4D085B0-3EFA-11E8-A5CB-3FA3753A265A	{'file': 'None'}	1850515
A4D08613-3EFA-11E8-A5CB-3FA3753A265A	{'file': 'None'}	1850516
A5691CC2-3EFA-11E8-A5CB-3FA3753A265A	{'file': 'None'}	1850517
A5691D25-3EFA-11E8-A5CB-3FA3753A265A	{'file': 'None'}	1850518
A600469B-3EFA-11E8-A5CB-3FA3753A265A	{'file': 'None'}	1850519
A60046FD-3EFA-11E8-A5CB-3FA3753A265A	{'file': 'None'}	1850520
A698B7BF-3EFA-11E8-A5CB-3FA3753A265A	{'file': 'None'}	1850521
A698B827-3EFA-11E8-A5CB-3FA3753A265A	{'file': 'None'}	1850522
A7344DBC-3EFA-11E8-A5CB-3FA3753A265A	{'file': 'None'}	1850523
A7344E1C-3EFA-11E8-A5CB-3FA3753A265A	{'file': 'None'}	1850524
A7CCFEB1-3EFA-11E8-A5CB-3FA3753A265A	{'file': 'None'}	1850525
A7CCFF13-3EFA-11E8-A5CB-3FA3753A265A	{'file': 'None'}	1850526
A864094E-3EFA-11E8-A5CB-3FA3753A265A	{'file': 'None'}	1850527
A86409B5-3EFA-11E8-A5CB-3FA3753A265A	{'file': 'None'}	1850528
A8FCA1FA-3EFA-11E8-A5CB-3FA3753A265A	{'file': 'None'}	1850529
A8FCA260-3EFA-11E8-A5CB-3FA3753A265A	{'file': 'None'}	1850530
A996A5D4-3EFA-11E8-A5CB-3FA3753A265A	{'file': 'None'}	1850531
A996A632-3EFA-11E8-A5CB-3FA3753A265A	{'file': 'None'}	1850532
AA2F6EAF-3EFA-11E8-A5CB-3FA3753A265A	{'file': 'None'}	1850533
AA2F6F50-3EFA-11E8-A5CB-3FA3753A265A	{'file': 'None'}	1850534
AAC4DAB2-3EFA-11E8-A5CB-3FA3753A265A	{'file': 'None'}	1850535
AAC4DB14-3EFA-11E8-A5CB-3FA3753A265A	{'file': 'None'}	1850536
AB607E21-3EFA-11E8-A5CB-3FA3753A265A	{'file': 'None'}	1850537
AB607E85-3EFA-11E8-A5CB-3FA3753A265A	{'file': 'None'}	1850538
ABF63B15-3EFA-11E8-A5CB-3FA3753A265A	{'file': 'None'}	1850539
ABF63BAD-3EFA-11E8-A5CB-3FA3753A265A	{'file': 'None'}	1850540
AC8EB62B-3EFA-11E8-A5CB-3FA3753A265A	{'file': 'None'}	1850541
AC8EB6BF-3EFA-11E8-A5CB-3FA3753A265A	{'file': 'None'}	1850542
AD28BAED-3EFA-11E8-A5CB-3FA3753A265A	{'file': 'None'}	1850543
AD28BB4D-3EFA-11E8-A5CB-3FA3753A265A	{'file': 'None'}	1850544
ADC2D7BD-3EFA-11E8-A5CB-3FA3753A265A	{'file': 'None'}	1850545
ADC2D81E-3EFA-11E8-A5CB-3FA3753A265A	{'file': 'None'}	1850546
AE5B5E22-3EFA-11E8-A5CB-3FA3753A265A	{'file': 'None'}	1850547
AE5B5E8B-3EFA-11E8-A5CB-3FA3753A265A	{'file': 'None'}	1850548
AEF143A9-3EFA-11E8-A5CB-3FA3753A265A	{'file': 'None'}	1850549
AEF1440E-3EFA-11E8-A5CB-3FA3753A265A	{'file': 'None'}	1850550
AF8992C3-3EFA-11E8-A5CB-3FA3753A265A	{'file': 'None'}	1850551
AF899344-3EFA-11E8-A5CB-3FA3753A265A	{'file': 'None'}	1850552
B022443C-3EFA-11E8-A5CB-3FA3753A265A	{'file': 'None'}	1850553
B0B36B5E-3EFA-11E8-A5CB-3FA3753A265A	{'file': 'None'}	1850554
B0B3916E-3EFA-11E8-A5CB-3FA3753A265A	{'file': 'None'}	1850555
B022449C-3EFA-11E8-A5CB-3FA3753A265A	{'file': 'None'}	1850556
B0BAC8FA-3EFA-11E8-A5CB-3FA3753A265A	{'file': 'None'}	1850557
B0BAC959-3EFA-11E8-A5CB-3FA3753A265A	{'file': 'None'}	1850558
B153729C-3EFA-11E8-A5CB-3FA3753A265A	{'file': 'None'}	1850559
B15372FE-3EFA-11E8-A5CB-3FA3753A265A	{'file': 'None'}	1850560
B1ED7127-3EFA-11E8-A5CB-3FA3753A265A	{'file': 'None'}	1850561
B1ED71BE-3EFA-11E8-A5CB-3FA3753A265A	{'file': 'None'}	1850562
B2878AFF-3EFA-11E8-A5CB-3FA3753A265A	{'file': 'None'}	1850563
B2878B97-3EFA-11E8-A5CB-3FA3753A265A	{'file': 'None'}	1850564
B31EA212-3EFA-11E8-A5CB-3FA3753A265A	{'file': 'None'}	1850565
B31EA276-3EFA-11E8-A5CB-3FA3753A265A	{'file': 'None'}	1850566
B3B8A72F-3EFA-11E8-A5CB-3FA3753A265A	{'file': 'None'}	1850567
B3B8A791-3EFA-11E8-A5CB-3FA3753A265A	{'file': 'None'}	1850568
B4514BEB-3EFA-11E8-A5CB-3FA3753A265A	{'file': 'None'}	1850569
B4514C8E-3EFA-11E8-A5CB-3FA3753A265A	{'file': 'None'}	1850570
B4E6F9F9-3EFA-11E8-A5CB-3FA3753A265A	{'file': 'None'}	1850571
B4E6FA59-3EFA-11E8-A5CB-3FA3753A265A	{'file': 'None'}	1850572
B57F7383-3EFA-11E8-A5CB-3FA3753A265A	{'file': 'None'}	1850573
B57F73E4-3EFA-11E8-A5CB-3FA3753A265A	{'file': 'None'}	1850574
B6199357-3EFA-11E8-A5CB-3FA3753A265A	{'file': 'None'}	1850575
B61993B5-3EFA-11E8-A5CB-3FA3753A265A	{'file': 'None'}	1850576
B6B3A2AC-3EFA-11E8-A5CB-3FA3753A265A	{'file': 'None'}	1850577
B6B3A339-3EFA-11E8-A5CB-3FA3753A265A	{'file': 'None'}	1850578
B74AC2A5-3EFA-11E8-A5CB-3FA3753A265A	{'file': 'None'}	1850579
B74AC304-3EFA-11E8-A5CB-3FA3753A265A	{'file': 'None'}	1850580
B7E1FF4C-3EFA-11E8-A5CB-3FA3753A265A	{'file': 'None'}	1850581
B7E1FFE3-3EFA-11E8-A5CB-3FA3753A265A	{'file': 'None'}	1850582
B87BFEA2-3EFA-11E8-A5CB-3FA3753A265A	{'file': 'None'}	1850583
B87BFF39-3EFA-11E8-A5CB-3FA3753A265A	{'file': 'None'}	1850584
B912FECF-3EFA-11E8-A5CB-3FA3753A265A	{'file': 'None'}	1850585
B912FF30-3EFA-11E8-A5CB-3FA3753A265A	{'file': 'None'}	1850586
B9AD17B9-3EFA-11E8-A5CB-3FA3753A265A	{'file': 'None'}	1850587
B9AD181A-3EFA-11E8-A5CB-3FA3753A265A	{'file': 'None'}	1850588
BA470147-3EFA-11E8-A5CB-3FA3753A265A	{'file': 'None'}	1850589
BA4701AA-3EFA-11E8-A5CB-3FA3753A265A	{'file': 'None'}	1850590
BADE42B6-3EFA-11E8-A5CB-3FA3753A265A	{'file': 'None'}	1850591
BADE4317-3EFA-11E8-A5CB-3FA3753A265A	{'file': 'None'}	1850592
BB785B7B-3EFA-11E8-A5CB-3FA3753A265A	{'file': 'None'}	1850593
BB785BDC-3EFA-11E8-A5CB-3FA3753A265A	{'file': 'None'}	1850594
BC0F773D-3EFA-11E8-A5CB-3FA3753A265A	{'file': 'None'}	1850595
BC0F779C-3EFA-11E8-A5CB-3FA3753A265A	{'file': 'None'}	1850596
BCA81EA5-3EFA-11E8-A5CB-3FA3753A265A	{'file': 'None'}	1850597
BCA81F35-3EFA-11E8-A5CB-3FA3753A265A	{'file': 'None'}	1850598
BD4223A2-3EFA-11E8-A5CB-3FA3753A265A	{'file': 'None'}	1850599
BD422407-3EFA-11E8-A5CB-3FA3753A265A	{'file': 'None'}	1850600
BDDACB7F-3EFA-11E8-A5CB-3FA3753A265A	{'file': 'None'}	1850601
BDDACC10-3EFA-11E8-A5CB-3FA3753A265A	{'file': 'None'}	1850602
BE71B463-3EFA-11E8-A5CB-3FA3753A265A	{'file': 'None'}	1850603
BE71B4C3-3EFA-11E8-A5CB-3FA3753A265A	{'file': 'None'}	1850604
BF0A4B89-3EFA-11E8-A5CB-3FA3753A265A	{'file': 'None'}	1850605
BF0A4BE7-3EFA-11E8-A5CB-3FA3753A265A	{'file': 'None'}	1850606
BFA2F253-3EFA-11E8-A5CB-3FA3753A265A	{'file': 'None'}	1850607
BFA2F2EB-3EFA-11E8-A5CB-3FA3753A265A	{'file': 'None'}	1850608
C03A213F-3EFA-11E8-A5CB-3FA3753A265A	{'file': 'None'}	1850609
C03A21A3-3EFA-11E8-A5CB-3FA3753A265A	{'file': 'None'}	1850610
C0D2950C-3EFA-11E8-A5CB-3FA3753A265A	{'file': 'None'}	1850611
C0D29574-3EFA-11E8-A5CB-3FA3753A265A	{'file': 'None'}	1850612
C16E2E89-3EFA-11E8-A5CB-3FA3753A265A	{'file': 'None'}	1850613
C16E2EE6-3EFA-11E8-A5CB-3FA3753A265A	{'file': 'None'}	1850614
C206BFE7-3EFA-11E8-A5CB-3FA3753A265A	{'file': 'None'}	1850615
C206C047-3EFA-11E8-A5CB-3FA3753A265A	{'file': 'None'}	1850616
C29F56AD-3EFA-11E8-A5CB-3FA3753A265A	{'file': 'None'}	1850617
C29F5711-3EFA-11E8-A5CB-3FA3753A265A	{'file': 'None'}	1850618
C337F2F0-3EFA-11E8-A5CB-3FA3753A265A	{'file': 'None'}	1850619
C337F353-3EFA-11E8-A5CB-3FA3753A265A	{'file': 'None'}	1850620
C3D08929-3EFA-11E8-A5CB-3FA3753A265A	{'file': 'None'}	1850621
C3D0898B-3EFA-11E8-A5CB-3FA3753A265A	{'file': 'None'}	1850622
C467951E-3EFA-11E8-A5CB-3FA3753A265A	{'file': 'None'}	1850623
C467957E-3EFA-11E8-A5CB-3FA3753A265A	{'file': 'None'}	1850624
C5002E6C-3EFA-11E8-A5CB-3FA3753A265A	{'file': 'None'}	1850625
C5002ECF-3EFA-11E8-A5CB-3FA3753A265A	{'file': 'None'}	1850626
C598C951-3EFA-11E8-A5CB-3FA3753A265A	{'file': 'None'}	1850627
C598C9BA-3EFA-11E8-A5CB-3FA3753A265A	{'file': 'None'}	1850628
C63305B5-3EFA-11E8-A5CB-3FA3753A265A	{'file': 'None'}	1850629
C633063F-3EFA-11E8-A5CB-3FA3753A265A	{'file': 'None'}	1850630
C6CA04E7-3EFA-11E8-A5CB-3FA3753A265A	{'file': 'None'}	1850631
C6CA0584-3EFA-11E8-A5CB-3FA3753A265A	{'file': 'None'}	1850632
C7640A18-3EFA-11E8-A5CB-3FA3753A265A	{'file': 'None'}	1850633
C7640A76-3EFA-11E8-A5CB-3FA3753A265A	{'file': 'None'}	1850634
C7FCA1E9-3EFA-11E8-A5CB-3FA3753A265A	{'file': 'None'}	1850635
C7FCA24A-3EFA-11E8-A5CB-3FA3753A265A	{'file': 'None'}	1850636
C8954C4F-3EFA-11E8-A5CB-3FA3753A265A	{'file': 'None'}	1850637
C8954CEA-3EFA-11E8-A5CB-3FA3753A265A	{'file': 'None'}	1850638
C92C66A8-3EFA-11E8-A5CB-3FA3753A265A	{'file': 'None'}	1850639
C92C670C-3EFA-11E8-A5CB-3FA3753A265A	{'file': 'None'}	1850640
C9C4ED52-3EFA-11E8-A5CB-3FA3753A265A	{'file': 'None'}	1850641
C9C4EDEA-3EFA-11E8-A5CB-3FA3753A265A	{'file': 'None'}	1850642
CA5D702C-3EFA-11E8-A5CB-3FA3753A265A	{'file': 'None'}	1850643
CA5D7094-3EFA-11E8-A5CB-3FA3753A265A	{'file': 'None'}	1850644
CAF605F1-3EFA-11E8-A5CB-3FA3753A265A	{'file': 'None'}	1850645
CAF60656-3EFA-11E8-A5CB-3FA3753A265A	{'file': 'None'}	1850646
CB8E9EA8-3EFA-11E8-A5CB-3FA3753A265A	{'file': 'None'}	1850647
CB8E9F0A-3EFA-11E8-A5CB-3FA3753A265A	{'file': 'None'}	1850648
CC2732F2-3EFA-11E8-A5CB-3FA3753A265A	{'file': 'None'}	1850649
CC273357-3EFA-11E8-A5CB-3FA3753A265A	{'file': 'None'}	1850650
CCBFCA32-3EFA-11E8-A5CB-3FA3753A265A	{'file': 'None'}	1850651
CCBFCA94-3EFA-11E8-A5CB-3FA3753A265A	{'file': 'None'}	1850652
CD5861BE-3EFA-11E8-A5CB-3FA3753A265A	{'file': 'None'}	1850653
CD586222-3EFA-11E8-A5CB-3FA3753A265A	{'file': 'None'}	1850654
CDF0F7CD-3EFA-11E8-A5CB-3FA3753A265A	{'file': 'None'}	1850655
CDF0F82F-3EFA-11E8-A5CB-3FA3753A265A	{'file': 'None'}	1850656
CE899687-3EFA-11E8-A5CB-3FA3753A265A	{'file': 'None'}	1850657
CE8996F6-3EFA-11E8-A5CB-3FA3753A265A	{'file': 'None'}	1850658
CF222463-3EFA-11E8-A5CB-3FA3753A265A	{'file': 'None'}	1850659
CF2224C7-3EFA-11E8-A5CB-3FA3753A265A	{'file': 'None'}	1850660
CFBABECD-3EFA-11E8-A5CB-3FA3753A265A	{'file': 'None'}	1850661
CFBABF2B-3EFA-11E8-A5CB-3FA3753A265A	{'file': 'None'}	1850662
D053504E-3EFA-11E8-A5CB-3FA3753A265A	{'file': 'None'}	1850663
D05350AE-3EFA-11E8-A5CB-3FA3753A265A	{'file': 'None'}	1850664
D0EBE60E-3EFA-11E8-A5CB-3FA3753A265A	{'file': 'None'}	1850665
D0EBE671-3EFA-11E8-A5CB-3FA3753A265A	{'file': 'None'}	1850666
D1847D9F-3EFA-11E8-A5CB-3FA3753A265A	{'file': 'None'}	1850667
D1847E06-3EFA-11E8-A5CB-3FA3753A265A	{'file': 'None'}	1850668
D21D14FD-3EFA-11E8-A5CB-3FA3753A265A	{'file': 'None'}	1850669
D21D1562-3EFA-11E8-A5CB-3FA3753A265A	{'file': 'None'}	1850670
D2B5AA49-3EFA-11E8-A5CB-3FA3753A265A	{'file': 'None'}	1850671
D2B5AAA8-3EFA-11E8-A5CB-3FA3753A265A	{'file': 'None'}	1850672
D34E47B2-3EFA-11E8-A5CB-3FA3753A265A	{'file': 'None'}	1850673
D34E4820-3EFA-11E8-A5CB-3FA3753A265A	{'file': 'None'}	1850674
D3E6DA26-3EFA-11E8-A5CB-3FA3753A265A	{'file': 'None'}	1850675
D477E5E6-3EFA-11E8-A5CB-3FA3753A265A	{'file': 'None'}	1850676
D4780BED-3EFA-11E8-A5CB-3FA3753A265A	{'file': 'None'}	1850677
D3E6DA8A-3EFA-11E8-A5CB-3FA3753A265A	{'file': 'None'}	1850678
D47F87D7-3EFA-11E8-A5CB-3FA3753A265A	{'file': 'None'}	1850679
D47F887E-3EFA-11E8-A5CB-3FA3753A265A	{'file': 'None'}	1850680
D51805E5-3EFA-11E8-A5CB-3FA3753A265A	{'file': 'None'}	1850681
D5180646-3EFA-11E8-A5CB-3FA3753A265A	{'file': 'None'}	1850682
D5B0B0F3-3EFA-11E8-A5CB-3FA3753A265A	{'file': 'None'}	1850683
D5B0B193-3EFA-11E8-A5CB-3FA3753A265A	{'file': 'None'}	1850684
D64931E2-3EFA-11E8-A5CB-3FA3753A265A	{'file': 'None'}	1850685
D6493246-3EFA-11E8-A5CB-3FA3753A265A	{'file': 'None'}	1850686
D6E1C709-3EFA-11E8-A5CB-3FA3753A265A	{'file': 'None'}	1850687
D6E1C76A-3EFA-11E8-A5CB-3FA3753A265A	{'file': 'None'}	1850688
D77A5F56-3EFA-11E8-A5CB-3FA3753A265A	{'file': 'None'}	1850689
D77A5FBC-3EFA-11E8-A5CB-3FA3753A265A	{'file': 'None'}	1850690
D812E214-3EFA-11E8-A5CB-3FA3753A265A	{'file': 'None'}	1850691
D812E279-3EFA-11E8-A5CB-3FA3753A265A	{'file': 'None'}	1850692
D8AD2FF2-3EFA-11E8-A5CB-3FA3753A265A	{'file': 'None'}	1850693
D8AD3089-3EFA-11E8-A5CB-3FA3753A265A	{'file': 'None'}	1850694
D9444184-3EFA-11E8-A5CB-3FA3753A265A	{'file': 'None'}	1850695
D94441E7-3EFA-11E8-A5CB-3FA3753A265A	{'file': 'None'}	1850696
D9DB69C0-3EFA-11E8-A5CB-3FA3753A265A	{'file': 'None'}	1850697
D9DB6A22-3EFA-11E8-A5CB-3FA3753A265A	{'file': 'None'}	1850698
DA7557F6-3EFA-11E8-A5CB-3FA3753A265A	{'file': 'None'}	1850699
DA755853-3EFA-11E8-A5CB-3FA3753A265A	{'file': 'None'}	1850700
DB0C966C-3EFA-11E8-A5CB-3FA3753A265A	{'file': 'None'}	1850701
DB0C96CA-3EFA-11E8-A5CB-3FA3753A265A	{'file': 'None'}	1850702
DBA68528-3EFA-11E8-A5CB-3FA3753A265A	{'file': 'None'}	1850703
DBA68587-3EFA-11E8-A5CB-3FA3753A265A	{'file': 'None'}	1850704
DC3F29E1-3EFA-11E8-A5CB-3FA3753A265A	{'file': 'None'}	1850705
DC3F2A3E-3EFA-11E8-A5CB-3FA3753A265A	{'file': 'None'}	1850706
DCDAE478-3EFA-11E8-A5CB-3FA3753A265A	{'file': 'None'}	1850707
DCDAE4DD-3EFA-11E8-A5CB-3FA3753A265A	{'file': 'None'}	1850708
DD6EF5D9-3EFA-11E8-A5CB-3FA3753A265A	{'file': 'None'}	1850709
DD6EF639-3EFA-11E8-A5CB-3FA3753A265A	{'file': 'None'}	1850710
DE08E04B-3EFA-11E8-A5CB-3FA3753A265A	{'file': 'None'}	1850711
DE08E0A8-3EFA-11E8-A5CB-3FA3753A265A	{'file': 'None'}	1850712
DEA01D5A-3EFA-11E8-A5CB-3FA3753A265A	{'file': 'None'}	1850713
DEA01DB9-3EFA-11E8-A5CB-3FA3753A265A	{'file': 'None'}	1850714
DF389E44-3EFA-11E8-A5CB-3FA3753A265A	{'file': 'None'}	1850715
DF389EA5-3EFA-11E8-A5CB-3FA3753A265A	{'file': 'None'}	1850716
DFD29EAB-3EFA-11E8-A5CB-3FA3753A265A	{'file': 'None'}	1850717
DFD29F12-3EFA-11E8-A5CB-3FA3753A265A	{'file': 'None'}	1850718
E06B52D3-3EFA-11E8-A5CB-3FA3753A265A	{'file': 'None'}	1850719
E06B5336-3EFA-11E8-A5CB-3FA3753A265A	{'file': 'None'}	1850720
E103F387-3EFA-11E8-A5CB-3FA3753A265A	{'file': 'None'}	1850721
E103F428-3EFA-11E8-A5CB-3FA3753A265A	{'file': 'None'}	1850722
E19DEC16-3EFA-11E8-A5CB-3FA3753A265A	{'file': 'None'}	1850723
E19DEC7D-3EFA-11E8-A5CB-3FA3753A265A	{'file': 'None'}	1850724
E239A9A8-3EFA-11E8-A5CB-3FA3753A265A	{'file': 'None'}	1850725
E239AA10-3EFA-11E8-A5CB-3FA3753A265A	{'file': 'None'}	1850726
E2CD9361-3EFA-11E8-A5CB-3FA3753A265A	{'file': 'None'}	1850727
E2CD93BF-3EFA-11E8-A5CB-3FA3753A265A	{'file': 'None'}	1850728
E36D6109-3EFA-11E8-A5CB-3FA3753A265A	{'file': 'None'}	1850729
E36D6169-3EFA-11E8-A5CB-3FA3753A265A	{'file': 'None'}	1850730
E3FE8B53-3EFA-11E8-A5CB-3FA3753A265A	{'file': 'None'}	1850731
E3FE8BEC-3EFA-11E8-A5CB-3FA3753A265A	{'file': 'None'}	1850732
E4975463-3EFA-11E8-A5CB-3FA3753A265A	{'file': 'None'}	1850733
E49754C3-3EFA-11E8-A5CB-3FA3753A265A	{'file': 'None'}	1850734
E52FFDE2-3EFA-11E8-A5CB-3FA3753A265A	{'file': 'None'}	1850735
E52FFE44-3EFA-11E8-A5CB-3FA3753A265A	{'file': 'None'}	1850736
E5CD4134-3EFA-11E8-A5CB-3FA3753A265A	{'file': 'None'}	1850737
E5CD41CB-3EFA-11E8-A5CB-3FA3753A265A	{'file': 'None'}	1850738
E6611694-3EFA-11E8-A5CB-3FA3753A265A	{'file': 'None'}	1850739
E66116F4-3EFA-11E8-A5CB-3FA3753A265A	{'file': 'None'}	1850740
E6F9ACF0-3EFA-11E8-A5CB-3FA3753A265A	{'file': 'None'}	1850741
E6F9AD4D-3EFA-11E8-A5CB-3FA3753A265A	{'file': 'None'}	1850742
E7926221-3EFA-11E8-A5CB-3FA3753A265A	{'file': 'None'}	1850743
E7926282-3EFA-11E8-A5CB-3FA3753A265A	{'file': 'None'}	1850744
E82AEFAA-3EFA-11E8-A5CB-3FA3753A265A	{'file': 'None'}	1850745
E82AF039-3EFA-11E8-A5CB-3FA3753A265A	{'file': 'None'}	1850746
E8C52598-3EFA-11E8-A5CB-3FA3753A265A	{'file': 'None'}	1850747
E8C52628-3EFA-11E8-A5CB-3FA3753A265A	{'file': 'None'}	1850748
E95C1D62-3EFA-11E8-A5CB-3FA3753A265A	{'file': 'None'}	1850749
E95C1DFE-3EFA-11E8-A5CB-3FA3753A265A	{'file': 'None'}	1850750
E9F3492B-3EFA-11E8-A5CB-3FA3753A265A	{'file': 'None'}	1850751
E9F3498B-3EFA-11E8-A5CB-3FA3753A265A	{'file': 'None'}	1850752
EA8D347D-3EFA-11E8-A5CB-3FA3753A265A	{'file': 'None'}	1850753
EA8D34E0-3EFA-11E8-A5CB-3FA3753A265A	{'file': 'None'}	1850754
EB25C9AE-3EFA-11E8-A5CB-3FA3753A265A	{'file': 'None'}	1850755
EB25CA11-3EFA-11E8-A5CB-3FA3753A265A	{'file': 'None'}	1850756
EBBE769A-3EFA-11E8-A5CB-3FA3753A265A	{'file': 'None'}	1850757
EBBE777B-3EFA-11E8-A5CB-3FA3753A265A	{'file': 'None'}	1850758
EC570EAA-3EFA-11E8-A5CB-3FA3753A265A	{'file': 'None'}	1850759
EC570F4E-3EFA-11E8-A5CB-3FA3753A265A	{'file': 'None'}	1850760
ECEFBCCF-3EFA-11E8-A5CB-3FA3753A265A	{'file': 'None'}	1850761
ECEFBD5A-3EFA-11E8-A5CB-3FA3753A265A	{'file': 'None'}	1850762
ED86CD32-3EFA-11E8-A5CB-3FA3753A265A	{'file': 'None'}	1850763
ED86CDD9-3EFA-11E8-A5CB-3FA3753A265A	{'file': 'None'}	1850764
EE20EB2C-3EFA-11E8-A5CB-3FA3753A265A	{'file': 'None'}	1850765
EE20EBBC-3EFA-11E8-A5CB-3FA3753A265A	{'file': 'None'}	1850766
EEB7FC3D-3EFA-11E8-A5CB-3FA3753A265A	{'file': 'None'}	1850767
EEB7FCCC-3EFA-11E8-A5CB-3FA3753A265A	{'file': 'None'}	1850768
EF51EAE3-3EFA-11E8-A5CB-3FA3753A265A	{'file': 'None'}	1850769
EF51EB42-3EFA-11E8-A5CB-3FA3753A265A	{'file': 'None'}	1850770
EFEA866F-3EFA-11E8-A5CB-3FA3753A265A	{'file': 'None'}	1850771
EFEA86D0-3EFA-11E8-A5CB-3FA3753A265A	{'file': 'None'}	1850772
F0831A73-3EFA-11E8-A5CB-3FA3753A265A	{'file': 'None'}	1850773
F0831AD9-3EFA-11E8-A5CB-3FA3753A265A	{'file': 'None'}	1850774
F11BC15D-3EFA-11E8-A5CB-3FA3753A265A	{'file': 'None'}	1850775
F11BC1EF-3EFA-11E8-A5CB-3FA3753A265A	{'file': 'None'}	1850776
F1B410A8-3EFA-11E8-A5CB-3FA3753A265A	{'file': 'None'}	1850777
F1B4110A-3EFA-11E8-A5CB-3FA3753A265A	{'file': 'None'}	1850778
F24CDE9A-3EFA-11E8-A5CB-3FA3753A265A	{'file': 'None'}	1850779
F24CDEFC-3EFA-11E8-A5CB-3FA3753A265A	{'file': 'None'}	1850780
F2E584F1-3EFA-11E8-A5CB-3FA3753A265A	{'file': 'None'}	1850781
F2E58582-3EFA-11E8-A5CB-3FA3753A265A	{'file': 'None'}	1850782
F37E197F-3EFA-11E8-A5CB-3FA3753A265A	{'file': 'None'}	1850783
F37E19E3-3EFA-11E8-A5CB-3FA3753A265A	{'file': 'None'}	1850784
F4168056-3EFA-11E8-A5CB-3FA3753A265A	{'file': 'None'}	1850785
F41680E0-3EFA-11E8-A5CB-3FA3753A265A	{'file': 'None'}	1850786
F4B0D019-3EFA-11E8-A5CB-3FA3753A265A	{'file': 'None'}	1850787
F4B0D073-3EFA-11E8-A5CB-3FA3753A265A	{'file': 'None'}	1850788
F547E2C2-3EFA-11E8-A5CB-3FA3753A265A	{'file': 'None'}	1850789
F547E324-3EFA-11E8-A5CB-3FA3753A265A	{'file': 'None'}	1850790
F5DF0EDD-3EFA-11E8-A5CB-3FA3753A265A	{'file': 'None'}	1850791
F5DF0F3C-3EFA-11E8-A5CB-3FA3753A265A	{'file': 'None'}	1850792
F67789CC-3EFA-11E8-A5CB-3FA3753A265A	{'file': 'None'}	1850793
F6778A2F-3EFA-11E8-A5CB-3FA3753A265A	{'file': 'None'}	1850794
F711A8E5-3EFA-11E8-A5CB-3FA3753A265A	{'file': 'None'}	1850795
F711A946-3EFA-11E8-A5CB-3FA3753A265A	{'file': 'None'}	1850796
F7AD2F55-3EFA-11E8-A5CB-3FA3753A265A	{'file': 'None'}	1850797
F83C8C03-3EFA-11E8-A5CB-3FA3753A265A	{'file': 'None'}	1850798
F83CB692-3EFA-11E8-A5CB-3FA3753A265A	{'file': 'None'}	1850799
F7AD2FB7-3EFA-11E8-A5CB-3FA3753A265A	{'file': 'None'}	1850800
F842CFED-3EFA-11E8-A5CB-3FA3753A265A	{'file': 'None'}	1850801
F842D04E-3EFA-11E8-A5CB-3FA3753A265A	{'file': 'None'}	1850802
F8DB1F6A-3EFA-11E8-A5CB-3FA3753A265A	{'file': 'None'}	1850803
F8DB1FF5-3EFA-11E8-A5CB-3FA3753A265A	{'file': 'None'}	1850804
F973B785-3EFA-11E8-A5CB-3FA3753A265A	{'file': 'None'}	1850805
F973B7E4-3EFA-11E8-A5CB-3FA3753A265A	{'file': 'None'}	1850806
FA0C966E-3EFA-11E8-A5CB-3FA3753A265A	{'file': 'None'}	1850807
FA0C96D0-3EFA-11E8-A5CB-3FA3753A265A	{'file': 'None'}	1850808
FAA3BD3A-3EFA-11E8-A5CB-3FA3753A265A	{'file': 'None'}	1850809
FAA3BD9B-3EFA-11E8-A5CB-3FA3753A265A	{'file': 'None'}	1850810
FB3DC6A6-3EFA-11E8-A5CB-3FA3753A265A	{'file': 'None'}	1850811
FB3DC704-3EFA-11E8-A5CB-3FA3753A265A	{'file': 'None'}	1850812
FBD7C43E-3EFA-11E8-A5CB-3FA3753A265A	{'file': 'None'}	1850813
FBD7C4A1-3EFA-11E8-A5CB-3FA3753A265A	{'file': 'None'}	1850814
FC70611D-3EFA-11E8-A5CB-3FA3753A265A	{'file': 'None'}	1850815
FC706180-3EFA-11E8-A5CB-3FA3753A265A	{'file': 'None'}	1850816
FD08F714-3EFA-11E8-A5CB-3FA3753A265A	{'file': 'None'}	1850817
FD08F779-3EFA-11E8-A5CB-3FA3753A265A	{'file': 'None'}	1850818
FDA18C8B-3EFA-11E8-A5CB-3FA3753A265A	{'file': 'None'}	1850819
FDA18CF3-3EFA-11E8-A5CB-3FA3753A265A	{'file': 'None'}	1850820
FE3A591D-3EFA-11E8-A5CB-3FA3753A265A	{'file': 'None'}	1850821
FE3A59D4-3EFA-11E8-A5CB-3FA3753A265A	{'file': 'None'}	1850822
FED14B2A-3EFA-11E8-A5CB-3FA3753A265A	{'file': 'None'}	1850823
FED14B90-3EFA-11E8-A5CB-3FA3753A265A	{'file': 'None'}	1850824
FF6996AF-3EFA-11E8-A5CB-3FA3753A265A	{'file': 'None'}	1850825
FF69973F-3EFA-11E8-A5CB-3FA3753A265A	{'file': 'None'}	1850826
0003E46C-3EFB-11E8-A5CB-3FA3753A265A	{'file': 'None'}	1850827
0003E4D4-3EFB-11E8-A5CB-3FA3753A265A	{'file': 'None'}	1850828
009C9A8A-3EFB-11E8-A5CB-3FA3753A265A	{'file': 'None'}	1850829
009C9AED-3EFB-11E8-A5CB-3FA3753A265A	{'file': 'None'}	1850830
01335AC3-3EFB-11E8-A5CB-3FA3753A265A	{'file': 'None'}	1850831
01335B24-3EFB-11E8-A5CB-3FA3753A265A	{'file': 'None'}	1850832
01CDAB68-3EFB-11E8-A5CB-3FA3753A265A	{'file': 'None'}	1850833
01CDABD0-3EFB-11E8-A5CB-3FA3753A265A	{'file': 'None'}	1850834
0264A3FA-3EFB-11E8-A5CB-3FA3753A265A	{'file': 'None'}	1850835
0264A495-3EFB-11E8-A5CB-3FA3753A265A	{'file': 'None'}	1850836
02FF0417-3EFB-11E8-A5CB-3FA3753A265A	{'file': 'None'}	1850837
02FF04B8-3EFB-11E8-A5CB-3FA3753A265A	{'file': 'None'}	1850838
03947149-3EFB-11E8-A5CB-3FA3753A265A	{'file': 'None'}	1850839
039471AA-3EFB-11E8-A5CB-3FA3753A265A	{'file': 'None'}	1850840
042E7C57-3EFB-11E8-A5CB-3FA3753A265A	{'file': 'None'}	1850841
042E7CBE-3EFB-11E8-A5CB-3FA3753A265A	{'file': 'None'}	1850842
04C70EDF-3EFB-11E8-A5CB-3FA3753A265A	{'file': 'None'}	1850843
04C70F44-3EFB-11E8-A5CB-3FA3753A265A	{'file': 'None'}	1850844
055FACEC-3EFB-11E8-A5CB-3FA3753A265A	{'file': 'None'}	1850845
055FAD81-3EFB-11E8-A5CB-3FA3753A265A	{'file': 'None'}	1850846
05F83A7B-3EFB-11E8-A5CB-3FA3753A265A	{'file': 'None'}	1850847
05F83AE1-3EFB-11E8-A5CB-3FA3753A265A	{'file': 'None'}	1850848
0690CF47-3EFB-11E8-A5CB-3FA3753A265A	{'file': 'None'}	1850849
0690CFA8-3EFB-11E8-A5CB-3FA3753A265A	{'file': 'None'}	1850850
07297B21-3EFB-11E8-A5CB-3FA3753A265A	{'file': 'None'}	1850851
07297BB3-3EFB-11E8-A5CB-3FA3753A265A	{'file': 'None'}	1850852
07C1FC50-3EFB-11E8-A5CB-3FA3753A265A	{'file': 'None'}	1850853
07C1FCB0-3EFB-11E8-A5CB-3FA3753A265A	{'file': 'None'}	1850854
085A959B-3EFB-11E8-A5CB-3FA3753A265A	{'file': 'None'}	1850855
085A9600-3EFB-11E8-A5CB-3FA3753A265A	{'file': 'None'}	1850856
08F34CC1-3EFB-11E8-A5CB-3FA3753A265A	{'file': 'None'}	1850857
08F34D9D-3EFB-11E8-A5CB-3FA3753A265A	{'file': 'None'}	1850858
098BBF77-3EFB-11E8-A5CB-3FA3753A265A	{'file': 'None'}	1850859
098BBFD7-3EFB-11E8-A5CB-3FA3753A265A	{'file': 'None'}	1850860
0A2455DF-3EFB-11E8-A5CB-3FA3753A265A	{'file': 'None'}	1850861
0A245642-3EFB-11E8-A5CB-3FA3753A265A	{'file': 'None'}	1850862
0ABD046D-3EFB-11E8-A5CB-3FA3753A265A	{'file': 'None'}	1850863
0ABD04F7-3EFB-11E8-A5CB-3FA3753A265A	{'file': 'None'}	1850864
0B572735-3EFB-11E8-A5CB-3FA3753A265A	{'file': 'None'}	1850865
0B57279A-3EFB-11E8-A5CB-3FA3753A265A	{'file': 'None'}	1850866
0BEE4E89-3EFB-11E8-A5CB-3FA3753A265A	{'file': 'None'}	1850867
0BEE4F28-3EFB-11E8-A5CB-3FA3753A265A	{'file': 'None'}	1850868
0C86D0BE-3EFB-11E8-A5CB-3FA3753A265A	{'file': 'None'}	1850869
0C86D125-3EFB-11E8-A5CB-3FA3753A265A	{'file': 'None'}	1850870
0D20D200-3EFB-11E8-A5CB-3FA3753A265A	{'file': 'None'}	1850871
0D20D265-3EFB-11E8-A5CB-3FA3753A265A	{'file': 'None'}	1850872
0DB96B4F-3EFB-11E8-A5CB-3FA3753A265A	{'file': 'None'}	1850873
0DB96BB2-3EFB-11E8-A5CB-3FA3753A265A	{'file': 'None'}	1850874
0E520021-3EFB-11E8-A5CB-3FA3753A265A	{'file': 'None'}	1850875
0E520081-3EFB-11E8-A5CB-3FA3753A265A	{'file': 'None'}	1850876
0EE9412D-3EFB-11E8-A5CB-3FA3753A265A	{'file': 'None'}	1850877
0EE941CB-3EFB-11E8-A5CB-3FA3753A265A	{'file': 'None'}	1850878
0F804403-3EFB-11E8-A5CB-3FA3753A265A	{'file': 'None'}	1850879
0F804463-3EFB-11E8-A5CB-3FA3753A265A	{'file': 'None'}	1850880
101BC49E-3EFB-11E8-A5CB-3FA3753A265A	{'file': 'None'}	1850881
101BC504-3EFB-11E8-A5CB-3FA3753A265A	{'file': 'None'}	1850882
10B459FE-3EFB-11E8-A5CB-3FA3753A265A	{'file': 'None'}	1850883
10B45A61-3EFB-11E8-A5CB-3FA3753A265A	{'file': 'None'}	1850884
114CF19D-3EFB-11E8-A5CB-3FA3753A265A	{'file': 'None'}	1850885
114CF201-3EFB-11E8-A5CB-3FA3753A265A	{'file': 'None'}	1850886
11E59D3C-3EFB-11E8-A5CB-3FA3753A265A	{'file': 'None'}	1850887
11E59DD5-3EFB-11E8-A5CB-3FA3753A265A	{'file': 'None'}	1850888
127E3243-3EFB-11E8-A5CB-3FA3753A265A	{'file': 'None'}	1850889
127E32A6-3EFB-11E8-A5CB-3FA3753A265A	{'file': 'None'}	1850890
1314FD5E-3EFB-11E8-A5CB-3FA3753A265A	{'file': 'None'}	1850891
1314FDBE-3EFB-11E8-A5CB-3FA3753A265A	{'file': 'None'}	1850892
13AF4D0B-3EFB-11E8-A5CB-3FA3753A265A	{'file': 'None'}	1850893
13AF4D6C-3EFB-11E8-A5CB-3FA3753A265A	{'file': 'None'}	1850894
1447EAC3-3EFB-11E8-A5CB-3FA3753A265A	{'file': 'None'}	1850895
1447EB27-3EFB-11E8-A5CB-3FA3753A265A	{'file': 'None'}	1850896
14E07933-3EFB-11E8-A5CB-3FA3753A265A	{'file': 'None'}	1850897
14E07999-3EFB-11E8-A5CB-3FA3753A265A	{'file': 'None'}	1850898
15790FC7-3EFB-11E8-A5CB-3FA3753A265A	{'file': 'None'}	1850899
15791028-3EFB-11E8-A5CB-3FA3753A265A	{'file': 'None'}	1850900
160FEFAC-3EFB-11E8-A5CB-3FA3753A265A	{'file': 'None'}	1850901
160FF00F-3EFB-11E8-A5CB-3FA3753A265A	{'file': 'None'}	1850902
16A8B05E-3EFB-11E8-A5CB-3FA3753A265A	{'file': 'None'}	1850903
16A8B0C4-3EFB-11E8-A5CB-3FA3753A265A	{'file': 'None'}	1850904
17414788-3EFB-11E8-A5CB-3FA3753A265A	{'file': 'None'}	1850905
174147EA-3EFB-11E8-A5CB-3FA3753A265A	{'file': 'None'}	1850906
17D9DD1D-3EFB-11E8-A5CB-3FA3753A265A	{'file': 'None'}	1850907
17D9DD80-3EFB-11E8-A5CB-3FA3753A265A	{'file': 'None'}	1850908
187275F3-3EFB-11E8-A5CB-3FA3753A265A	{'file': 'None'}	1850909
18727657-3EFB-11E8-A5CB-3FA3753A265A	{'file': 'None'}	1850910
190B0A64-3EFB-11E8-A5CB-3FA3753A265A	{'file': 'None'}	1850911
190B0AC6-3EFB-11E8-A5CB-3FA3753A265A	{'file': 'None'}	1850912
19A3A1AF-3EFB-11E8-A5CB-3FA3753A265A	{'file': 'None'}	1850913
19A3A212-3EFB-11E8-A5CB-3FA3753A265A	{'file': 'None'}	1850914
1A3C38EC-3EFB-11E8-A5CB-3FA3753A265A	{'file': 'None'}	1850915
1A3C3950-3EFB-11E8-A5CB-3FA3753A265A	{'file': 'None'}	1850916
1AD4CC3E-3EFB-11E8-A5CB-3FA3753A265A	{'file': 'None'}	1850917
1AD4CC9D-3EFB-11E8-A5CB-3FA3753A265A	{'file': 'None'}	1850918
1B6D3A87-3EFB-11E8-A5CB-3FA3753A265A	{'file': 'None'}	1850919
1C0158B4-3EFB-11E8-A5CB-3FA3753A265A	{'file': 'None'}	1850920
1C018081-3EFB-11E8-A5CB-3FA3753A265A	{'file': 'None'}	1850921
1B6D3AE9-3EFB-11E8-A5CB-3FA3753A265A	{'file': 'None'}	1850922
1C050F51-3EFB-11E8-A5CB-3FA3753A265A	{'file': 'None'}	1850923
1C050FE9-3EFB-11E8-A5CB-3FA3753A265A	{'file': 'None'}	1850924
1C9D0142-3EFB-11E8-A5CB-3FA3753A265A	{'file': 'None'}	1850925
1C9D01A4-3EFB-11E8-A5CB-3FA3753A265A	{'file': 'None'}	1850926
1D372836-3EFB-11E8-A5CB-3FA3753A265A	{'file': 'None'}	1850927
1D37289A-3EFB-11E8-A5CB-3FA3753A265A	{'file': 'None'}	1850928
1DCFBDAA-3EFB-11E8-A5CB-3FA3753A265A	{'file': 'None'}	1850929
1DCFBE11-3EFB-11E8-A5CB-3FA3753A265A	{'file': 'None'}	1850930
1E6852AA-3EFB-11E8-A5CB-3FA3753A265A	{'file': 'None'}	1850931
1E685309-3EFB-11E8-A5CB-3FA3753A265A	{'file': 'None'}	1850932
1F00EA61-3EFB-11E8-A5CB-3FA3753A265A	{'file': 'None'}	1850933
1F00EAC3-3EFB-11E8-A5CB-3FA3753A265A	{'file': 'None'}	1850934
1F9997B1-3EFB-11E8-A5CB-3FA3753A265A	{'file': 'None'}	1850935
1F999851-3EFB-11E8-A5CB-3FA3753A265A	{'file': 'None'}	1850936
203218C2-3EFB-11E8-A5CB-3FA3753A265A	{'file': 'None'}	1850937
20321926-3EFB-11E8-A5CB-3FA3753A265A	{'file': 'None'}	1850938
20CAAF44-3EFB-11E8-A5CB-3FA3753A265A	{'file': 'None'}	1850939
20CAAFA7-3EFB-11E8-A5CB-3FA3753A265A	{'file': 'None'}	1850940
216345A6-3EFB-11E8-A5CB-3FA3753A265A	{'file': 'None'}	1850941
2163460B-3EFB-11E8-A5CB-3FA3753A265A	{'file': 'None'}	1850942
21FBDB0A-3EFB-11E8-A5CB-3FA3753A265A	{'file': 'None'}	1850943
21FBDB70-3EFB-11E8-A5CB-3FA3753A265A	{'file': 'None'}	1850944
22947129-3EFB-11E8-A5CB-3FA3753A265A	{'file': 'None'}	1850945
2294718C-3EFB-11E8-A5CB-3FA3753A265A	{'file': 'None'}	1850946
232D082D-3EFB-11E8-A5CB-3FA3753A265A	{'file': 'None'}	1850947
232D0891-3EFB-11E8-A5CB-3FA3753A265A	{'file': 'None'}	1850948
23C59CA8-3EFB-11E8-A5CB-3FA3753A265A	{'file': 'None'}	1850949
2436BE3B-3EFB-11E8-A5CB-3FA3753A265A	{'file': 'None'}	1850950
23C59D05-3EFB-11E8-A5CB-3FA3753A265A	{'file': 'None'}	1850951
245E3597-3EFB-11E8-A5CB-3FA3753A265A	{'file': 'None'}	1850952
245E35FC-3EFB-11E8-A5CB-3FA3753A265A	{'file': 'None'}	1850953
24F6D00F-3EFB-11E8-A5CB-3FA3753A265A	{'file': 'None'}	1850954
24F6D072-3EFB-11E8-A5CB-3FA3753A265A	{'file': 'None'}	1850955
258F6015-3EFB-11E8-A5CB-3FA3753A265A	{'file': 'None'}	1850956
26006C61-3EFB-11E8-A5CB-3FA3753A265A	{'file': 'None'}	1850957
FA245B7E-70F8-0E50-B870-AA4DA00EF5DD	{'file': '/tmp/.31.29ada'}	1850958
31CA86EC-1496-7054-9614-B4451470D394	{'file': '/var/mail/bob.lock'}	1850959
258F6075-3EFB-11E8-A5CB-3FA3753A265A	{'file': 'None'}	1850960
2627E14E-3EFB-11E8-A5CB-3FA3753A265A	{'file': 'None'}	1850961
268B45A9-3EFB-11E8-A5CB-3FA3753A265A	{'file': 'None'}	1850962
2627E1AD-3EFB-11E8-A5CB-3FA3753A265A	{'file': 'None'}	1850963
26C07F44-3EFB-11E8-A5CB-3FA3753A265A	{'file': 'None'}	1850964
26C07FE2-3EFB-11E8-A5CB-3FA3753A265A	{'file': 'None'}	1850965
275AB34D-3EFB-11E8-A5CB-3FA3753A265A	{'file': 'None'}	1850966
275AB3B4-3EFB-11E8-A5CB-3FA3753A265A	{'file': 'None'}	1850967
27F1EDC4-3EFB-11E8-A5CB-3FA3753A265A	{'file': 'None'}	1850968
27F1EEEA-3EFB-11E8-A5CB-3FA3753A265A	{'file': 'None'}	1850969
288A6EA5-3EFB-11E8-A5CB-3FA3753A265A	{'file': 'None'}	1850970
288A6F08-3EFB-11E8-A5CB-3FA3753A265A	{'file': 'None'}	1850971
29219A22-3EFB-11E8-A5CB-3FA3753A265A	{'file': 'None'}	1850972
29219A87-3EFB-11E8-A5CB-3FA3753A265A	{'file': 'None'}	1850973
29BA17A9-3EFB-11E8-A5CB-3FA3753A265A	{'file': 'None'}	1850974
29BA1810-3EFB-11E8-A5CB-3FA3753A265A	{'file': 'None'}	1850975
2A52CBDF-3EFB-11E8-A5CB-3FA3753A265A	{'file': 'None'}	1850976
2A52CC47-3EFB-11E8-A5CB-3FA3753A265A	{'file': 'None'}	1850977
2AEB568B-3EFB-11E8-A5CB-3FA3753A265A	{'file': 'None'}	1850978
2AEB5723-3EFB-11E8-A5CB-3FA3753A265A	{'file': 'None'}	1850979
2B856121-3EFB-11E8-A5CB-3FA3753A265A	{'file': 'None'}	1850980
2B856181-3EFB-11E8-A5CB-3FA3753A265A	{'file': 'None'}	1850981
2C1F7C0B-3EFB-11E8-A5CB-3FA3753A265A	{'file': 'None'}	1850982
2C1F7C6D-3EFB-11E8-A5CB-3FA3753A265A	{'file': 'None'}	1850983
2CB68F8C-3EFB-11E8-A5CB-3FA3753A265A	{'file': 'None'}	1850984
2CB68FEF-3EFB-11E8-A5CB-3FA3753A265A	{'file': 'None'}	1850985
2D4F2622-3EFB-11E8-A5CB-3FA3753A265A	{'file': 'None'}	1850986
2D4F2685-3EFB-11E8-A5CB-3FA3753A265A	{'file': 'None'}	1850987
2DE7B857-3EFB-11E8-A5CB-3FA3753A265A	{'file': 'None'}	1850988
2DE7B8B9-3EFB-11E8-A5CB-3FA3753A265A	{'file': 'None'}	1850989
2E83803D-3EFB-11E8-A5CB-3FA3753A265A	{'file': 'None'}	1850990
2E8380D9-3EFB-11E8-A5CB-3FA3753A265A	{'file': 'None'}	1850991
2F1D8DEB-3EFB-11E8-A5CB-3FA3753A265A	{'file': 'None'}	1850992
2F1D8E83-3EFB-11E8-A5CB-3FA3753A265A	{'file': 'None'}	1850993
2FB7B0EF-3EFB-11E8-A5CB-3FA3753A265A	{'file': 'None'}	1850994
2FB7B18E-3EFB-11E8-A5CB-3FA3753A265A	{'file': 'None'}	1850995
304895CF-3EFB-11E8-A5CB-3FA3753A265A	{'file': 'None'}	1850996
3048966A-3EFB-11E8-A5CB-3FA3753A265A	{'file': 'None'}	1850997
30E292B2-3EFB-11E8-A5CB-3FA3753A265A	{'file': 'None'}	1850998
30E29315-3EFB-11E8-A5CB-3FA3753A265A	{'file': 'None'}	1850999
317B2C37-3EFB-11E8-A5CB-3FA3753A265A	{'file': 'None'}	1851000
317B2C99-3EFB-11E8-A5CB-3FA3753A265A	{'file': 'None'}	1851001
3213C0F2-3EFB-11E8-A5CB-3FA3753A265A	{'file': 'None'}	1851002
3213C152-3EFB-11E8-A5CB-3FA3753A265A	{'file': 'None'}	1851003
32AC6E03-3EFB-11E8-A5CB-3FA3753A265A	{'file': 'None'}	1851004
32AC6E96-3EFB-11E8-A5CB-3FA3753A265A	{'file': 'None'}	1851005
33467520-3EFB-11E8-A5CB-3FA3753A265A	{'file': 'None'}	1851006
33467588-3EFB-11E8-A5CB-3FA3753A265A	{'file': 'None'}	1851007
33DF0BC5-3EFB-11E8-A5CB-3FA3753A265A	{'file': 'None'}	1851008
33DF0C28-3EFB-11E8-A5CB-3FA3753A265A	{'file': 'None'}	1851009
3477A04E-3EFB-11E8-A5CB-3FA3753A265A	{'file': 'None'}	1851010
3477A0B3-3EFB-11E8-A5CB-3FA3753A265A	{'file': 'None'}	1851011
35103B07-3EFB-11E8-A5CB-3FA3753A265A	{'file': 'None'}	1851012
35103B69-3EFB-11E8-A5CB-3FA3753A265A	{'file': 'None'}	1851013
35A8D389-3EFB-11E8-A5CB-3FA3753A265A	{'file': 'None'}	1851014
35A8D3F3-3EFB-11E8-A5CB-3FA3753A265A	{'file': 'None'}	1851015
364163DD-3EFB-11E8-A5CB-3FA3753A265A	{'file': 'None'}	1851016
3641643E-3EFB-11E8-A5CB-3FA3753A265A	{'file': 'None'}	1851017
36D9F9DD-3EFB-11E8-A5CB-3FA3753A265A	{'file': 'None'}	1851018
36D9FA3F-3EFB-11E8-A5CB-3FA3753A265A	{'file': 'None'}	1851019
37728FA4-3EFB-11E8-A5CB-3FA3753A265A	{'file': 'None'}	1851020
37729004-3EFB-11E8-A5CB-3FA3753A265A	{'file': 'None'}	1851021
380B36DA-3EFB-11E8-A5CB-3FA3753A265A	{'file': 'None'}	1851022
380B3770-3EFB-11E8-A5CB-3FA3753A265A	{'file': 'None'}	1851023
38A26632-3EFB-11E8-A5CB-3FA3753A265A	{'file': 'None'}	1851024
38A266C4-3EFB-11E8-A5CB-3FA3753A265A	{'file': 'None'}	1851025
39395BA7-3EFB-11E8-A5CB-3FA3753A265A	{'file': 'None'}	1851026
39395C06-3EFB-11E8-A5CB-3FA3753A265A	{'file': 'None'}	1851027
39D376EB-3EFB-11E8-A5CB-3FA3753A265A	{'file': 'None'}	1851028
39D3774D-3EFB-11E8-A5CB-3FA3753A265A	{'file': 'None'}	1851029
3A6ABAAC-3EFB-11E8-A5CB-3FA3753A265A	{'file': 'None'}	1851030
3A6ABB3C-3EFB-11E8-A5CB-3FA3753A265A	{'file': 'None'}	1851031
3B04AF0E-3EFB-11E8-A5CB-3FA3753A265A	{'file': 'None'}	1851032
3B04AF74-3EFB-11E8-A5CB-3FA3753A265A	{'file': 'None'}	1851033
3B9D454D-3EFB-11E8-A5CB-3FA3753A265A	{'file': 'None'}	1851034
3B9D45AC-3EFB-11E8-A5CB-3FA3753A265A	{'file': 'None'}	1851035
3C346B43-3EFB-11E8-A5CB-3FA3753A265A	{'file': 'None'}	1851036
3C346BA7-3EFB-11E8-A5CB-3FA3753A265A	{'file': 'None'}	1851037
3CCCDE24-3EFB-11E8-A5CB-3FA3753A265A	{'file': 'None'}	1851038
3CCCDE8E-3EFB-11E8-A5CB-3FA3753A265A	{'file': 'None'}	1851039
3D68730D-3EFB-11E8-A5CB-3FA3753A265A	{'file': 'None'}	1851040
3D68736F-3EFB-11E8-A5CB-3FA3753A265A	{'file': 'None'}	1851041
3E011AAE-3EFB-11E8-A5CB-3FA3753A265A	{'file': 'None'}	1851042
3E011B4B-3EFB-11E8-A5CB-3FA3753A265A	{'file': 'None'}	1851043
3E981C04-3EFB-11E8-A5CB-3FA3753A265A	{'file': 'None'}	1851044
3E981C69-3EFB-11E8-A5CB-3FA3753A265A	{'file': 'None'}	1851045
3F324A6D-3EFB-11E8-A5CB-3FA3753A265A	{'file': 'None'}	1851046
3FC901F5-3EFB-11E8-A5CB-3FA3753A265A	{'file': 'None'}	1851047
3FC927EE-3EFB-11E8-A5CB-3FA3753A265A	{'file': 'None'}	1851048
3F324ACE-3EFB-11E8-A5CB-3FA3753A265A	{'file': 'None'}	1851049
3FCAB33B-3EFB-11E8-A5CB-3FA3753A265A	{'file': 'None'}	1851050
3FCAB399-3EFB-11E8-A5CB-3FA3753A265A	{'file': 'None'}	1851051
40634B91-3EFB-11E8-A5CB-3FA3753A265A	{'file': 'None'}	1851052
40634BF4-3EFB-11E8-A5CB-3FA3753A265A	{'file': 'None'}	1851053
40FBFB39-3EFB-11E8-A5CB-3FA3753A265A	{'file': 'None'}	1851054
40FBFBA5-3EFB-11E8-A5CB-3FA3753A265A	{'file': 'None'}	1851055
41949188-3EFB-11E8-A5CB-3FA3753A265A	{'file': 'None'}	1851056
419491E6-3EFB-11E8-A5CB-3FA3753A265A	{'file': 'None'}	1851057
422D27FC-3EFB-11E8-A5CB-3FA3753A265A	{'file': 'None'}	1851058
422D285F-3EFB-11E8-A5CB-3FA3753A265A	{'file': 'None'}	1851059
42C5BB96-3EFB-11E8-A5CB-3FA3753A265A	{'file': 'None'}	1851060
42C5BBF8-3EFB-11E8-A5CB-3FA3753A265A	{'file': 'None'}	1851061
435B9F52-3EFB-11E8-A5CB-3FA3753A265A	{'file': 'None'}	1851062
435B9FB0-3EFB-11E8-A5CB-3FA3753A265A	{'file': 'None'}	1851063
43F3DCC7-3EFB-11E8-A5CB-3FA3753A265A	{'file': 'None'}	1851064
43F3DD2A-3EFB-11E8-A5CB-3FA3753A265A	{'file': 'None'}	1851065
448F92D4-3EFB-11E8-A5CB-3FA3753A265A	{'file': 'None'}	1851066
448F9372-3EFB-11E8-A5CB-3FA3753A265A	{'file': 'None'}	1851067
4526AC01-3EFB-11E8-A5CB-3FA3753A265A	{'file': 'None'}	1851068
4526AC60-3EFB-11E8-A5CB-3FA3753A265A	{'file': 'None'}	1851069
45BF5554-3EFB-11E8-A5CB-3FA3753A265A	{'file': 'None'}	1851070
45BF55F0-3EFB-11E8-A5CB-3FA3753A265A	{'file': 'None'}	1851071
46565E82-3EFB-11E8-A5CB-3FA3753A265A	{'file': 'None'}	1851072
46565F12-3EFB-11E8-A5CB-3FA3753A265A	{'file': 'None'}	1851073
46EF4B56-3EFB-11E8-A5CB-3FA3753A265A	{'file': 'None'}	1851074
46EF4BBC-3EFB-11E8-A5CB-3FA3753A265A	{'file': 'None'}	1851075
4787786B-3EFB-11E8-A5CB-3FA3753A265A	{'file': 'None'}	1851076
