0C0CC0C3-3680-11E8-BF66-D9AA8AFF4A69,{'subject': 'None master'},305477
674D8313-390A-11E8-BF66-D9AA8AFF4A69,{'subject': 'None nginx'},361930
D3822AFC-39AF-11E8-BF66-D9AA8AFF4A69,{'subject': '/tmp vUgefal'},378879
11C64B2C-3DC3-11E8-A5CA-3FA3753A265A,{'subject': 'None unknown_proc_128'},263558
1196ABC1-3DC3-11E8-A5CA-3FA3753A265A,{'subject': 'None master'},262500
116EF05D-3DC3-11E8-A5CA-3FA3753A265A,{'subject': 'None sshd'},262512
1AD10217-3DC3-11E8-A5CB-3FA3753A265A,{'subject': 'None inetd'},262577
C4F4FF22-3E7B-11E8-A5CB-3FA3753A265A,{'subject': '/tmp tmux-1002'},280983
E8C45A97-3E7B-11E8-A5CB-3FA3753A265A,{'subject': 'None master'},280991
E8D44FD6-3E7B-11E8-A5CB-3FA3753A265A,{'subject': 'None master'},280995
E8E6F109-3E7B-11E8-A5CB-3FA3753A265A,{'subject': 'None master'},280996
E8F561A7-3E7B-11E8-A5CB-3FA3753A265A,{'subject': 'None master'},280997
E905E358-3E7B-11E8-A5CB-3FA3753A265A,{'subject': 'None master'},280998
E928989E-3E7B-11E8-A5CB-3FA3753A265A,{'subject': 'None master'},280999
E9385573-3E7B-11E8-A5CB-3FA3753A265A,{'subject': 'None master'},281000
E94B4C5B-3E7B-11E8-A5CB-3FA3753A265A,{'subject': 'None master'},281001
2A3501A7-3E7C-11E8-A5CB-3FA3753A265A,{'subject': 'None master'},281041
2A41E279-3E7C-11E8-A5CB-3FA3753A265A,{'subject': 'None master'},281042
2A5A20E4-3E7C-11E8-A5CB-3FA3753A265A,{'subject': 'None master'},281043
2A6B6A9A-3E7C-11E8-A5CB-3FA3753A265A,{'subject': 'None master'},281044
2A8AA2C4-3E7C-11E8-A5CB-3FA3753A265A,{'subject': 'None master'},281045
2A9F20FF-3E7C-11E8-A5CB-3FA3753A265A,{'subject': 'None master'},281046
2AAF4E63-3E7C-11E8-A5CB-3FA3753A265A,{'subject': 'None master'},281047
42E4A848-3E7C-11E8-A5CB-3FA3753A265A,{'subject': '/tmp tmux-1002'},281064
494D2E98-3E7C-11E8-A5CB-3FA3753A265A,{'subject': 'None sshd'},281065
E0B1EDC5-3E7C-11E8-A5CB-3FA3753A265A,{'subject': 'None master'},281138
E0BEE4EC-3E7C-11E8-A5CB-3FA3753A265A,{'subject': 'None master'},281139
E0D10C73-3E7C-11E8-A5CB-3FA3753A265A,{'subject': 'None master'},281140
E0FF5BBF-3E7C-11E8-A5CB-3FA3753A265A,{'subject': 'None master'},281141
E10F5AAB-3E7C-11E8-A5CB-3FA3753A265A,{'subject': 'None master'},281142
E12D6094-3E7C-11E8-A5CB-3FA3753A265A,{'subject': 'None master'},281143
E13B8DBC-3E7C-11E8-A5CB-3FA3753A265A,{'subject': 'None master'},281144
E14C2219-3E7C-11E8-A5CB-3FA3753A265A,{'subject': 'None master'},281145
E15A11F5-3E7C-11E8-A5CB-3FA3753A265A,{'subject': 'None master'},281146
17C4C0C3-3E7D-11E8-A5CB-3FA3753A265A,{'subject': '/tmp minions'},281184
55D24587-3E7D-11E8-A5CB-3FA3753A265A,{'subject': 'None master'},281220
55DF3091-3E7D-11E8-A5CB-3FA3753A265A,{'subject': 'None master'},281221
55FB8475-3E7D-11E8-A5CB-3FA3753A265A,{'subject': 'None master'},281222
56186ACD-3E7D-11E8-A5CB-3FA3753A265A,{'subject': 'None master'},281223
562E7731-3E7D-11E8-A5CB-3FA3753A265A,{'subject': 'None master'},281224
563DC440-3E7D-11E8-A5CB-3FA3753A265A,{'subject': 'None master'},281225
5652E483-3E7D-11E8-A5CB-3FA3753A265A,{'subject': 'None master'},281226
58A2632F-3E7D-11E8-A5CB-3FA3753A265A,{'subject': 'None master'},281231
5DEE70FB-3E7D-11E8-A5CB-3FA3753A265A,{'subject': 'None sshd'},281233
7B30E76D-3E7D-11E8-A5CB-3FA3753A265A,{'subject': '/tmp minions'},281255
885AF819-3E7D-11E8-A5CB-3FA3753A265A,{'subject': 'None sshd'},281256
BF8EF43F-3E7D-11E8-A5CB-3FA3753A265A,{'subject': '/tmp font'},281284
C0E44281-3E7D-11E8-A5CB-3FA3753A265A,{'subject': 'None sshd'},281285
219DE547-3E7E-11E8-A5CB-3FA3753A265A,{'subject': '/tmp XIM'},281324
21DD84ED-3E7E-11E8-A5CB-3FA3753A265A,{'subject': 'None inetd'},281325
252867AB-3E7E-11E8-A5CB-3FA3753A265A,{'subject': 'None sshd'},281326
3086E7C0-3E7E-11E8-A5CB-3FA3753A265A,{'subject': 'None master'},281343
30990881-3E7E-11E8-A5CB-3FA3753A265A,{'subject': 'None master'},281344
30AAEFC4-3E7E-11E8-A5CB-3FA3753A265A,{'subject': 'None master'},281345
30C1BF65-3E7E-11E8-A5CB-3FA3753A265A,{'subject': 'None master'},281346
30DDB905-3E7E-11E8-A5CB-3FA3753A265A,{'subject': 'None master'},281347
310C0B30-3E7E-11E8-A5CB-3FA3753A265A,{'subject': 'None master'},281348
311B4B03-3E7E-11E8-A5CB-3FA3753A265A,{'subject': 'None master'},281349
3129F3FB-3E7E-11E8-A5CB-3FA3753A265A,{'subject': 'None master'},281350
313E814B-3E7E-11E8-A5CB-3FA3753A265A,{'subject': 'None master'},281351
3685BC54-3E7E-11E8-A5CB-3FA3753A265A,{'subject': 'None inetd'},281358
41DACE79-3E7E-11E8-A5CB-3FA3753A265A,{'subject': 'None inetd'},281363
41F7F772-3E7E-11E8-A5CB-3FA3753A265A,{'subject': 'None inetd'},281364
48289024-3E7E-11E8-A5CB-3FA3753A265A,{'subject': '/tmp XIM'},281365
564C5516-3E7E-11E8-A5CB-3FA3753A265A,{'subject': 'None master'},281376
15267234-3E7F-11E8-A5CB-3FA3753A265A,{'subject': '/var/log sendmail'},281447
163A6925-3E7F-11E8-A5CB-3FA3753A265A,{'subject': 'None sshd'},281448
17C8C6A6-3E7F-11E8-A5CB-3FA3753A265A,{'subject': 'None sshd'},281452
1D3ACF79-3E7F-11E8-A5CB-3FA3753A265A,{'subject': '/var/log sendmail'},281455
5CD609A7-3E7F-11E8-A5CB-3FA3753A265A,{'subject': '/tmp main'},281478
640084A8-3E7F-11E8-A5CB-3FA3753A265A,{'subject': 'None sshd'},281479
849397EF-3E7F-11E8-A5CB-3FA3753A265A,{'subject': 'None inetd'},281494
849AD006-3E7F-11E8-A5CB-3FA3753A265A,{'subject': 'None inetd'},281495
B287CC32-3E7F-11E8-A5CB-3FA3753A265A,{'subject': 'None sshd'},281511
DCBB8D5C-3E7F-11E8-A5CB-3FA3753A265A,{'subject': '/tmp test'},281543
EDE92815-3E7F-11E8-A5CB-3FA3753A265A,{'subject': 'None sshd'},281556
0001A528-3E80-11E8-A5CB-3FA3753A265A,{'subject': '/tmp test'},281580
0C9ACCA8-3E80-11E8-A5CB-3FA3753A265A,{'subject': 'None master'},281581
0CA7A65B-3E80-11E8-A5CB-3FA3753A265A,{'subject': 'None master'},281582
0CC08415-3E80-11E8-A5CB-3FA3753A265A,{'subject': 'None master'},281583
0CD7EF3B-3E80-11E8-A5CB-3FA3753A265A,{'subject': 'None master'},281584
0CEB16E6-3E80-11E8-A5CB-3FA3753A265A,{'subject': 'None master'},281585
0D0561C7-3E80-11E8-A5CB-3FA3753A265A,{'subject': 'None inetd'},281586
0D0A31D3-3E80-11E8-A5CB-3FA3753A265A,{'subject': 'None master'},281587
0D23DFDC-3E80-11E8-A5CB-3FA3753A265A,{'subject': 'None master'},281588
0D3A84FB-3E80-11E8-A5CB-3FA3753A265A,{'subject': 'None master'},281589
1D722A5C-3E80-11E8-A5CB-3FA3753A265A,{'subject': 'None sshd'},281594
2C7D2F1C-3E80-11E8-A5CB-3FA3753A265A,{'subject': 'None sh'},281621
327621AE-3E80-11E8-A5CB-3FA3753A265A,{'subject': '/tmp test'},281649
362EAB9B-3E80-11E8-A5CB-3FA3753A265A,{'subject': 'None sshd'},281652
47E61FFC-3E80-11E8-A5CB-3FA3753A265A,{'subject': '/tmp test'},281665
47EB4608-3E80-11E8-A5CB-3FA3753A265A,{'subject': '/usr/bin uname'},281666
944D7FEA-3E80-11E8-A5CB-3FA3753A265A,{'subject': 'None inetd'},281687
97B89640-3E80-11E8-A5CB-3FA3753A265A,{'subject': 'None inetd'},281692
97D90F62-3E80-11E8-A5CB-3FA3753A265A,{'subject': 'None inetd'},281693
9809B8DA-3E80-11E8-A5CB-3FA3753A265A,{'subject': 'None inetd'},281694
AAB27EFF-3E80-11E8-A5CB-3FA3753A265A,{'subject': '/usr/bin uname'},281695
B659374C-3E80-11E8-A5CB-3FA3753A265A,{'subject': 'None master'},281706
B6661713-3E80-11E8-A5CB-3FA3753A265A,{'subject': 'None master'},281707
B67E58D2-3E80-11E8-A5CB-3FA3753A265A,{'subject': 'None master'},281708
B6C62C47-3E80-11E8-A5CB-3FA3753A265A,{'subject': 'None master'},281709
B6F876BB-3E80-11E8-A5CB-3FA3753A265A,{'subject': 'None master'},281710
B76FBD8C-3E80-11E8-A5CB-3FA3753A265A,{'subject': 'None master'},281711
B77DB6F0-3E80-11E8-A5CB-3FA3753A265A,{'subject': 'None master'},281712
B78EE297-3E80-11E8-A5CB-3FA3753A265A,{'subject': 'None master'},281713
D8BA5149-3E80-11E8-A5CB-3FA3753A265A,{'subject': 'None master'},281726
D8CBD5FA-3E80-11E8-A5CB-3FA3753A265A,{'subject': 'None master'},281727
932DED7B-3E81-11E8-A5CB-3FA3753A265A,{'subject': 'None inetd'},281796
96AECFF6-3E81-11E8-A5CB-3FA3753A265A,{'subject': 'None inetd'},281803
96C41D44-3E81-11E8-A5CB-3FA3753A265A,{'subject': 'None inetd'},281804
96EFB8CD-3E81-11E8-A5CB-3FA3753A265A,{'subject': 'None inetd'},281805
972E05AF-3E81-11E8-A5CB-3FA3753A265A,{'subject': 'None inetd'},281806
A07602CE-3E81-11E8-A5CB-3FA3753A265A,{'subject': 'None inetd'},281809
A0762F11-3E81-11E8-A5CB-3FA3753A265A,{'subject': 'None inetd'},281810
A9FFAC0B-3E81-11E8-A5CB-3FA3753A265A,{'subject': 'None master'},281815
AA0CB107-3E81-11E8-A5CB-3FA3753A265A,{'subject': 'None master'},281816
AA25CBCE-3E81-11E8-A5CB-3FA3753A265A,{'subject': 'None master'},281817
AA78B203-3E81-11E8-A5CB-3FA3753A265A,{'subject': 'None master'},281818
AA99B2BC-3E81-11E8-A5CB-3FA3753A265A,{'subject': 'None master'},281819
AAC07555-3E81-11E8-A5CB-3FA3753A265A,{'subject': 'None master'},281820
AAD4D49A-3E81-11E8-A5CB-3FA3753A265A,{'subject': 'None master'},281821
AAE42D73-3E81-11E8-A5CB-3FA3753A265A,{'subject': 'None master'},281822
BBEF2103-3E83-11E8-A5CB-3FA3753A265A,{'subject': 'None inetd'},282011
BC7A8C21-3E83-11E8-A5CB-3FA3753A265A,{'subject': 'None inetd'},282014
E8DD0FAB-3E83-11E8-A5CB-3FA3753A265A,{'subject': 'None inetd'},282030
E8DD397B-3E83-11E8-A5CB-3FA3753A265A,{'subject': 'None inetd'},282031
1800072A-3E86-11E8-A5CB-3FA3753A265A,{'subject': 'None sshd'},282212
B49CF381-3E86-11E8-A5CB-3FA3753A265A,{'subject': 'None master'},282263
95DAD931-3E87-11E8-A5CB-3FA3753A265A,{'subject': 'None sshd'},282338
EA519204-3E87-11E8-A5CB-3FA3753A265A,{'subject': 'None inetd'},282378
EAE21142-3E87-11E8-A5CB-3FA3753A265A,{'subject': 'None inetd'},282381
261A26CC-3E89-11E8-A5CB-3FA3753A265A,{'subject': 'None sshd'},282480
353FF459-3E8A-11E8-A5CB-3FA3753A265A,{'subject': 'None sshd'},282587
F30BA07B-3E8A-11E8-A5CB-3FA3753A265A,{'subject': 'None inetd'},282647
F67354F5-3E8A-11E8-A5CB-3FA3753A265A,{'subject': 'None inetd'},282654
F68BF674-3E8A-11E8-A5CB-3FA3753A265A,{'subject': 'None inetd'},282655
F6B64B84-3E8A-11E8-A5CB-3FA3753A265A,{'subject': 'None inetd'},282656
0EF56EEC-3E8B-11E8-A5CB-3FA3753A265A,{'subject': 'None master'},282667
0F023B3D-3E8B-11E8-A5CB-3FA3753A265A,{'subject': 'None master'},282668
0F141204-3E8B-11E8-A5CB-3FA3753A265A,{'subject': 'None master'},282669
0F5105FE-3E8B-11E8-A5CB-3FA3753A265A,{'subject': 'None master'},282670
0F6550EA-3E8B-11E8-A5CB-3FA3753A265A,{'subject': 'None master'},282671
0F84AE36-3E8B-11E8-A5CB-3FA3753A265A,{'subject': 'None master'},282672
0F982544-3E8B-11E8-A5CB-3FA3753A265A,{'subject': 'None master'},282673
0FAEA121-3E8B-11E8-A5CB-3FA3753A265A,{'subject': 'None master'},282674
1306E10D-3E8B-11E8-A5CB-3FA3753A265A,{'subject': 'None inetd'},282679
1671354C-3E8B-11E8-A5CB-3FA3753A265A,{'subject': 'None inetd'},282684
1687459E-3E8B-11E8-A5CB-3FA3753A265A,{'subject': 'None inetd'},282685
16B4E417-3E8B-11E8-A5CB-3FA3753A265A,{'subject': 'None inetd'},282686
2DC823A7-3E8B-11E8-A5CB-3FA3753A265A,{'subject': 'None master'},282697
606E6D0F-3E8C-11E8-A5CB-3FA3753A265A,{'subject': 'None inetd'},282831
63EA439B-3E8C-11E8-A5CB-3FA3753A265A,{'subject': 'None inetd'},282842
640008C9-3E8C-11E8-A5CB-3FA3753A265A,{'subject': 'None inetd'},282843
642E4B8B-3E8C-11E8-A5CB-3FA3753A265A,{'subject': 'None inetd'},282844
64887505-3E8C-11E8-A5CB-3FA3753A265A,{'subject': 'None inetd'},282848
72481309-3E8C-11E8-A5CB-3FA3753A265A,{'subject': 'None master'},282852
725C04AA-3E8C-11E8-A5CB-3FA3753A265A,{'subject': 'None master'},282853
726D9697-3E8C-11E8-A5CB-3FA3753A265A,{'subject': 'None master'},282854
727C09EB-3E8C-11E8-A5CB-3FA3753A265A,{'subject': 'None master'},282855
728C110D-3E8C-11E8-A5CB-3FA3753A265A,{'subject': 'None master'},282856
72A940B7-3E8C-11E8-A5CB-3FA3753A265A,{'subject': 'None master'},282857
72B7186B-3E8C-11E8-A5CB-3FA3753A265A,{'subject': 'None master'},282858
72C55483-3E8C-11E8-A5CB-3FA3753A265A,{'subject': 'None master'},282859
72D280AD-3E8C-11E8-A5CB-3FA3753A265A,{'subject': 'None master'},282860
72E19356-3E8C-11E8-A5CB-3FA3753A265A,{'subject': 'None master'},282861
1FE85E80-3E8D-11E8-A5CB-3FA3753A265A,{'subject': 'None sshd'},282919
43D17ABA-3E8D-11E8-A5CB-3FA3753A265A,{'subject': 'None sshd'},282937
3490FAC9-3E8E-11E8-A5CB-3FA3753A265A,{'subject': 'None inetd'},283026
34C0545A-3E8E-11E8-A5CB-3FA3753A265A,{'subject': 'None inetd'},283027
5126ABF8-3E8E-11E8-A5CB-3FA3753A265A,{'subject': 'None sshd'},283042
B24ADAB8-3E8E-11E8-A5CB-3FA3753A265A,{'subject': 'None sshd'},283081
2AE0B87C-3E8F-11E8-A5CB-3FA3753A265A,{'subject': 'None sshd'},283136
4867859A-3E8F-11E8-A5CB-3FA3753A265A,{'subject': 'None inetd'},283154
53B81C83-3E8F-11E8-A5CB-3FA3753A265A,{'subject': 'None inetd'},283161
53CFA15F-3E8F-11E8-A5CB-3FA3753A265A,{'subject': 'None inetd'},283162
674DC55A-3E8F-11E8-A5CB-3FA3753A265A,{'subject': 'None master'},283173
675ACDFF-3E8F-11E8-A5CB-3FA3753A265A,{'subject': 'None master'},283174
676C5C07-3E8F-11E8-A5CB-3FA3753A265A,{'subject': 'None master'},283175
67A70FAD-3E8F-11E8-A5CB-3FA3753A265A,{'subject': 'None master'},283176
67B8908F-3E8F-11E8-A5CB-3FA3753A265A,{'subject': 'None master'},283177
67DC306B-3E8F-11E8-A5CB-3FA3753A265A,{'subject': 'None master'},283178
67EFB637-3E8F-11E8-A5CB-3FA3753A265A,{'subject': 'None master'},283179
67FD2B23-3E8F-11E8-A5CB-3FA3753A265A,{'subject': 'None master'},283180
68140B17-3E8F-11E8-A5CB-3FA3753A265A,{'subject': 'None master'},283181
E7DAD3EE-3E8F-11E8-A5CB-3FA3753A265A,{'subject': 'None sshd'},283218
FA25A6FC-3E90-11E8-A5CB-3FA3753A265A,{'subject': 'None sshd'},283324
45DAAE32-3E91-11E8-A5CB-3FA3753A265A,{'subject': 'None inetd'},283352
45E0CF5E-3E91-11E8-A5CB-3FA3753A265A,{'subject': 'None inetd'},283353
50B301DC-3E91-11E8-A5CB-3FA3753A265A,{'subject': 'None inetd'},283358
5105A7D9-3E91-11E8-A5CB-3FA3753A265A,{'subject': 'None inetd'},283359
53AA6A31-3E91-11E8-A5CB-3FA3753A265A,{'subject': 'None sshd'},283372
5BEA1391-3E91-11E8-A5CB-3FA3753A265A,{'subject': 'None inetd'},283384
5D74B611-3E91-11E8-A5CB-3FA3753A265A,{'subject': 'None inetd'},283387
8B85B580-3E91-11E8-A5CB-3FA3753A265A,{'subject': 'None master'},283398
8B923C55-3E91-11E8-A5CB-3FA3753A265A,{'subject': 'None master'},283399
8BA3CCD5-3E91-11E8-A5CB-3FA3753A265A,{'subject': 'None master'},283400
8BD31910-3E91-11E8-A5CB-3FA3753A265A,{'subject': 'None inetd'},283401
8BD752BB-3E91-11E8-A5CB-3FA3753A265A,{'subject': 'None master'},283402
95C51061-3E91-11E8-A5CB-3FA3753A265A,{'subject': 'None sshd'},283404
B6726499-3E91-11E8-A5CB-3FA3753A265A,{'subject': 'None master'},283424
B6D0095E-3E91-11E8-A5CB-3FA3753A265A,{'subject': 'None inetd'},283425
BAE2583F-3E91-11E8-A5CB-3FA3753A265A,{'subject': 'None master'},283426
BB6C9116-3E91-11E8-A5CB-3FA3753A265A,{'subject': 'None master'},283427
BB81F0AB-3E91-11E8-A5CB-3FA3753A265A,{'subject': 'None master'},283428
BB957DE5-3E91-11E8-A5CB-3FA3753A265A,{'subject': 'None master'},283429
3B1445F2-3E92-11E8-A5CB-3FA3753A265A,{'subject': 'None sshd'},283482
90B367B7-3E92-11E8-A5CB-3FA3753A265A,{'subject': 'None sshd'},283515
DC9E7CE4-3E92-11E8-A5CB-3FA3753A265A,{'subject': 'None sshd'},283546
2B9CA9C5-3E93-11E8-A5CB-3FA3753A265A,{'subject': 'None inetd'},283586
2E93070B-3E93-11E8-A5CB-3FA3753A265A,{'subject': 'None sshd'},283593
2F0660E8-3E93-11E8-A5CB-3FA3753A265A,{'subject': 'None inetd'},283601
2F1C861F-3E93-11E8-A5CB-3FA3753A265A,{'subject': 'None inetd'},283602
2F4910E3-3E93-11E8-A5CB-3FA3753A265A,{'subject': 'None inetd'},283603
41A2030A-3E93-11E8-A5CB-3FA3753A265A,{'subject': 'None master'},283604
41B32BC9-3E93-11E8-A5CB-3FA3753A265A,{'subject': 'None master'},283605
41D0F7E6-3E93-11E8-A5CB-3FA3753A265A,{'subject': 'None master'},283606
41DE5BCA-3E93-11E8-A5CB-3FA3753A265A,{'subject': 'None master'},283607
41EC88CB-3E93-11E8-A5CB-3FA3753A265A,{'subject': 'None master'},283608
42004330-3E93-11E8-A5CB-3FA3753A265A,{'subject': 'None master'},283609
9C119BB0-3E93-11E8-A5CB-3FA3753A265A,{'subject': 'None inetd'},283644
9F937674-3E93-11E8-A5CB-3FA3753A265A,{'subject': 'None inetd'},283651
9FA94E28-3E93-11E8-A5CB-3FA3753A265A,{'subject': 'None inetd'},283652
9FD51C6F-3E93-11E8-A5CB-3FA3753A265A,{'subject': 'None inetd'},283653
A023FB1D-3E93-11E8-A5CB-3FA3753A265A,{'subject': 'None inetd'},283654
B62CDC61-3E93-11E8-A5CB-3FA3753A265A,{'subject': 'None master'},283657
B6398BA4-3E93-11E8-A5CB-3FA3753A265A,{'subject': 'None master'},283658
B6909D16-3E93-11E8-A5CB-3FA3753A265A,{'subject': 'None master'},283659
B6C0E82A-3E93-11E8-A5CB-3FA3753A265A,{'subject': 'None master'},283662
B7279164-3E93-11E8-A5CB-3FA3753A265A,{'subject': 'None master'},283663
B7353499-3E93-11E8-A5CB-3FA3753A265A,{'subject': 'None master'},283666
B746FB56-3E93-11E8-A5CB-3FA3753A265A,{'subject': 'None master'},283668
C821C4C8-3E93-11E8-A5CB-3FA3753A265A,{'subject': 'None sshd'},283690
E5F6E091-3E93-11E8-A5CB-3FA3753A265A,{'subject': 'None inetd'},283708
F1496331-3E93-11E8-A5CB-3FA3753A265A,{'subject': 'None inetd'},283715
F16337AE-3E93-11E8-A5CB-3FA3753A265A,{'subject': 'None inetd'},283716
FD829630-3E93-11E8-A5CB-3FA3753A265A,{'subject': 'None master'},283717
FD8F0E9F-3E93-11E8-A5CB-3FA3753A265A,{'subject': 'None master'},283718
FDA15149-3E93-11E8-A5CB-3FA3753A265A,{'subject': 'None master'},283719
FDB22029-3E93-11E8-A5CB-3FA3753A265A,{'subject': 'None master'},283720
FDCE85E4-3E93-11E8-A5CB-3FA3753A265A,{'subject': 'None master'},283721
FDDC4FEE-3E93-11E8-A5CB-3FA3753A265A,{'subject': 'None master'},283722
FDEDCD94-3E93-11E8-A5CB-3FA3753A265A,{'subject': 'None master'},283723
0483D13E-3E94-11E8-A5CB-3FA3753A265A,{'subject': 'None sshd'},283738
0EA16A98-3E94-11E8-A5CB-3FA3753A265A,{'subject': 'None sshd'},283749
76DBA142-3E94-11E8-A5CB-3FA3753A265A,{'subject': 'None sshd'},283804
7E051C5D-3E94-11E8-A5CB-3FA3753A265A,{'subject': 'None master'},283812
7E121B54-3E94-11E8-A5CB-3FA3753A265A,{'subject': 'None master'},283813
7E23B003-3E94-11E8-A5CB-3FA3753A265A,{'subject': 'None master'},283814
7E6E2E8E-3E94-11E8-A5CB-3FA3753A265A,{'subject': 'None master'},283815
80BC1E35-3E94-11E8-A5CB-3FA3753A265A,{'subject': 'None master'},283816
8DC85D72-3E94-11E8-A5CB-3FA3753A265A,{'subject': 'None inetd'},283817
8E58EA37-3E94-11E8-A5CB-3FA3753A265A,{'subject': 'None inetd'},283820
94DFC5A1-3E94-11E8-A5CB-3FA3753A265A,{'subject': 'None inetd'},283829
AE13A0CE-3E94-11E8-A5CB-3FA3753A265A,{'subject': 'None master'},283839
B5D5090A-3E94-11E8-A5CB-3FA3753A265A,{'subject': 'None sshd'},283850
4A9C99F1-3E95-11E8-A5CB-3FA3753A265A,{'subject': 'None sshd'},283900
AC95FCC2-3E96-11E8-A5CB-3FA3753A265A,{'subject': 'None sshd'},284024
D7EBD3CE-3E96-11E8-A5CB-3FA3753A265A,{'subject': 'None sshd'},284045
EAE9ECB5-3E96-11E8-A5CB-3FA3753A265A,{'subject': 'None inetd'},284056
F63ACE0F-3E96-11E8-A5CB-3FA3753A265A,{'subject': 'None inetd'},284071
F65297BF-3E96-11E8-A5CB-3FA3753A265A,{'subject': 'None inetd'},284072
0466994B-3E97-11E8-A5CB-3FA3753A265A,{'subject': 'None master'},284073
047A50D4-3E97-11E8-A5CB-3FA3753A265A,{'subject': 'None master'},284074
048DDCD9-3E97-11E8-A5CB-3FA3753A265A,{'subject': 'None master'},284075
049C5D49-3E97-11E8-A5CB-3FA3753A265A,{'subject': 'None master'},284076
04ACA1C3-3E97-11E8-A5CB-3FA3753A265A,{'subject': 'None master'},284077
04D1D267-3E97-11E8-A5CB-3FA3753A265A,{'subject': 'None master'},284078
04E0548A-3E97-11E8-A5CB-3FA3753A265A,{'subject': 'None master'},284079
04F152FB-3E97-11E8-A5CB-3FA3753A265A,{'subject': 'None master'},284080
0712AB44-3E97-11E8-A5CB-3FA3753A265A,{'subject': 'None sshd'},284085
2B3ED321-3E97-11E8-A5CB-3FA3753A265A,{'subject': 'None inetd'},284103
2EAB1E0C-3E97-11E8-A5CB-3FA3753A265A,{'subject': 'None inetd'},284110
2ECBA32A-3E97-11E8-A5CB-3FA3753A265A,{'subject': 'None inetd'},284111
2F2B6002-3E97-11E8-A5CB-3FA3753A265A,{'subject': 'None inetd'},284112
488402A2-3E97-11E8-A5CB-3FA3753A265A,{'subject': 'None master'},284125
48913572-3E97-11E8-A5CB-3FA3753A265A,{'subject': 'None master'},284126
48E26CDC-3E97-11E8-A5CB-3FA3753A265A,{'subject': 'None master'},284127
491A8538-3E97-11E8-A5CB-3FA3753A265A,{'subject': 'None master'},284128
493EDA0A-3E97-11E8-A5CB-3FA3753A265A,{'subject': 'None master'},284129
494D1A9E-3E97-11E8-A5CB-3FA3753A265A,{'subject': 'None master'},284130
495C6040-3E97-11E8-A5CB-3FA3753A265A,{'subject': 'None master'},284131
496FEAF3-3E97-11E8-A5CB-3FA3753A265A,{'subject': 'None master'},284132
5F774443-3E97-11E8-A5CB-3FA3753A265A,{'subject': 'None sshd'},284139
654021AB-3E97-11E8-A5CB-3FA3753A265A,{'subject': 'None sshd'},284155
AB5AC75B-3E97-11E8-A5CB-3FA3753A265A,{'subject': 'None sshd'},284200
AC4E992E-3E97-11E8-A5CB-3FA3753A265A,{'subject': 'None sshd'},284211
C0458638-3E97-11E8-A5CB-3FA3753A265A,{'subject': 'None sshd'},284222
E23E3B53-3E97-11E8-A5CB-3FA3753A265A,{'subject': 'None sshd'},284240
10A3A6B4-3E98-11E8-A5CB-3FA3753A265A,{'subject': 'None sshd'},284263
5430313C-3E98-11E8-A5CB-3FA3753A265A,{'subject': 'None sshd'},284294
66861A0F-3E98-11E8-A5CB-3FA3753A265A,{'subject': 'None sshd'},284312
B9C5F3C3-3E98-11E8-A5CB-3FA3753A265A,{'subject': 'None inetd'},284342
D393CE18-3E98-11E8-A5CB-3FA3753A265A,{'subject': 'None inetd'},284354
D39B9668-3E98-11E8-A5CB-3FA3753A265A,{'subject': 'None inetd'},284355
5A67AA26-3E99-11E8-A5CB-3FA3753A265A,{'subject': 'None sshd'},284415
B97A23E1-3E99-11E8-A5CB-3FA3753A265A,{'subject': 'None sshd'},284446
D15090C3-3E99-11E8-A5CB-3FA3753A265A,{'subject': 'None sshd'},284467
0B02C63E-3E9A-11E8-A5CB-3FA3753A265A,{'subject': 'None sshd'},284485
2DE3D3F6-3E9A-11E8-A5CB-3FA3753A265A,{'subject': 'None inetd'},284506
3921F512-3E9A-11E8-A5CB-3FA3753A265A,{'subject': 'None inetd'},284519
3C3FADE9-3E9A-11E8-A5CB-3FA3753A265A,{'subject': 'None sshd'},284520
6B7C634A-3E9A-11E8-A5CB-3FA3753A265A,{'subject': 'None inetd'},284538
7E5CED78-3E9A-11E8-A5CB-3FA3753A265A,{'subject': 'None inetd'},284557
81DEC1BF-3E9A-11E8-A5CB-3FA3753A265A,{'subject': 'None inetd'},284564
81F495A2-3E9A-11E8-A5CB-3FA3753A265A,{'subject': 'None inetd'},284565
82216537-3E9A-11E8-A5CB-3FA3753A265A,{'subject': 'None inetd'},284566
825FA9F6-3E9A-11E8-A5CB-3FA3753A265A,{'subject': 'None inetd'},284567
910B0B4F-3E9A-11E8-A5CB-3FA3753A265A,{'subject': 'None master'},284568
9117E833-3E9A-11E8-A5CB-3FA3753A265A,{'subject': 'None master'},284569
912E4DCB-3E9A-11E8-A5CB-3FA3753A265A,{'subject': 'None master'},284570
914CC142-3E9A-11E8-A5CB-3FA3753A265A,{'subject': 'None master'},284571
915DB8BC-3E9A-11E8-A5CB-3FA3753A265A,{'subject': 'None master'},284572
917D5176-3E9A-11E8-A5CB-3FA3753A265A,{'subject': 'None master'},284573
918C6C7D-3E9A-11E8-A5CB-3FA3753A265A,{'subject': 'None master'},284574
919BF075-3E9A-11E8-A5CB-3FA3753A265A,{'subject': 'None master'},284575
91A9B0BF-3E9A-11E8-A5CB-3FA3753A265A,{'subject': 'None master'},284576
91B72246-3E9A-11E8-A5CB-3FA3753A265A,{'subject': 'None master'},284577
30F4FFB3-3E9B-11E8-A5CB-3FA3753A265A,{'subject': 'None sshd'},284646
8DE8AF8B-3E9B-11E8-A5CB-3FA3753A265A,{'subject': 'None sshd'},284676
9A4A824D-3E9B-11E8-A5CB-3FA3753A265A,{'subject': 'None inetd'},284691
9DC922CA-3E9B-11E8-A5CB-3FA3753A265A,{'subject': 'None inetd'},284702
9DDEE1B1-3E9B-11E8-A5CB-3FA3753A265A,{'subject': 'None inetd'},284703
9E0A6E4D-3E9B-11E8-A5CB-3FA3753A265A,{'subject': 'None inetd'},284704
9E5184C5-3E9B-11E8-A5CB-3FA3753A265A,{'subject': 'None inetd'},284705
AF605C03-3E9B-11E8-A5CB-3FA3753A265A,{'subject': 'None master'},284706
AF6D90F3-3E9B-11E8-A5CB-3FA3753A265A,{'subject': 'None master'},284707
AF87C9B4-3E9B-11E8-A5CB-3FA3753A265A,{'subject': 'None master'},284708
AFCD1601-3E9B-11E8-A5CB-3FA3753A265A,{'subject': 'None master'},284709
AFDD92C0-3E9B-11E8-A5CB-3FA3753A265A,{'subject': 'None master'},284710
B003754B-3E9B-11E8-A5CB-3FA3753A265A,{'subject': 'None master'},284711
B010C5FA-3E9B-11E8-A5CB-3FA3753A265A,{'subject': 'None master'},284712
B029D441-3E9B-11E8-A5CB-3FA3753A265A,{'subject': 'None master'},284713
BE0FF144-3E9B-11E8-A5CB-3FA3753A265A,{'subject': 'None inetd'},284722
C73F7C32-3E9B-11E8-A5CB-3FA3753A265A,{'subject': 'None sshd'},284735
C95ECEDC-3E9B-11E8-A5CB-3FA3753A265A,{'subject': 'None inetd'},284744
C9763947-3E9B-11E8-A5CB-3FA3753A265A,{'subject': 'None inetd'},284745
D61B5913-3E9B-11E8-A5CB-3FA3753A265A,{'subject': 'None master'},284746
D62A56EB-3E9B-11E8-A5CB-3FA3753A265A,{'subject': 'None master'},284747
DC89FB59-3E9B-11E8-A5CB-3FA3753A265A,{'subject': 'None inetd'},284752
E7DF03B6-3E9B-11E8-A5CB-3FA3753A265A,{'subject': 'None inetd'},284767
E7F944A0-3E9B-11E8-A5CB-3FA3753A265A,{'subject': 'None inetd'},284768
F65E23C7-3E9B-11E8-A5CB-3FA3753A265A,{'subject': 'None master'},284769
FC2546F2-3E9B-11E8-A5CB-3FA3753A265A,{'subject': 'None inetd'},284774
0780A1C5-3E9C-11E8-A5CB-3FA3753A265A,{'subject': 'None inetd'},284789
07A2DD7A-3E9C-11E8-A5CB-3FA3753A265A,{'subject': 'None inetd'},284790
16C52FD4-3E9C-11E8-A5CB-3FA3753A265A,{'subject': 'None master'},284791
9ABB2B98-3E9C-11E8-A5CB-3FA3753A265A,{'subject': 'None inetd'},284850
9E281471-3E9C-11E8-A5CB-3FA3753A265A,{'subject': 'None inetd'},284857
9E3E70FF-3E9C-11E8-A5CB-3FA3753A265A,{'subject': 'None inetd'},284858
9E69CB47-3E9C-11E8-A5CB-3FA3753A265A,{'subject': 'None inetd'},284859
B44D0BC8-3E9C-11E8-A5CB-3FA3753A265A,{'subject': 'None master'},284860
B459FAAF-3E9C-11E8-A5CB-3FA3753A265A,{'subject': 'None master'},284861
B47717B7-3E9C-11E8-A5CB-3FA3753A265A,{'subject': 'None master'},284862
B48CD760-3E9C-11E8-A5CB-3FA3753A265A,{'subject': 'None master'},284863
B4AF29FE-3E9C-11E8-A5CB-3FA3753A265A,{'subject': 'None master'},284864
B4E19776-3E9C-11E8-A5CB-3FA3753A265A,{'subject': 'None master'},284865
B4F5A023-3E9C-11E8-A5CB-3FA3753A265A,{'subject': 'None master'},284866
B505C00D-3E9C-11E8-A5CB-3FA3753A265A,{'subject': 'None master'},284867
B51549A5-3E9C-11E8-A5CB-3FA3753A265A,{'subject': 'None master'},284868
B5231701-3E9C-11E8-A5CB-3FA3753A265A,{'subject': 'None master'},284869
B856ACDF-3E9C-11E8-A5CB-3FA3753A265A,{'subject': 'None inetd'},284874
BBC0F68C-3E9C-11E8-A5CB-3FA3753A265A,{'subject': 'None inetd'},284889
BBD6D7FE-3E9C-11E8-A5CB-3FA3753A265A,{'subject': 'None inetd'},284890
BC025C8B-3E9C-11E8-A5CB-3FA3753A265A,{'subject': 'None inetd'},284891
D0FA14A7-3E9C-11E8-A5CB-3FA3753A265A,{'subject': 'None master'},284892
DBA53EC1-3E9C-11E8-A5CB-3FA3753A265A,{'subject': 'None inetd'},284913
DC344BED-3E9C-11E8-A5CB-3FA3753A265A,{'subject': 'None inetd'},284914
000856DA-3E9D-11E8-A5CB-3FA3753A265A,{'subject': 'None inetd'},284929
0008F078-3E9D-11E8-A5CB-3FA3753A265A,{'subject': 'None inetd'},284930
3C723211-3E9D-11E8-A5CB-3FA3753A265A,{'subject': 'None inetd'},284958
3C76E04F-3E9D-11E8-A5CB-3FA3753A265A,{'subject': 'None inetd'},284959
EF451D9B-3E9D-11E8-A5CB-3FA3753A265A,{'subject': 'None inetd'},285014
EF5A8398-3E9D-11E8-A5CB-3FA3753A265A,{'subject': 'None inetd'},285015
75BFEC02-3E9E-11E8-A5CB-3FA3753A265A,{'subject': 'None inetd'},285072
810D5AEF-3E9E-11E8-A5CB-3FA3753A265A,{'subject': 'None inetd'},285079
81247F82-3E9E-11E8-A5CB-3FA3753A265A,{'subject': 'None inetd'},285080
9335CCCA-3E9E-11E8-A5CB-3FA3753A265A,{'subject': 'None master'},285091
9342E2DA-3E9E-11E8-A5CB-3FA3753A265A,{'subject': 'None master'},285092
935C1B13-3E9E-11E8-A5CB-3FA3753A265A,{'subject': 'None master'},285093
938FA0BF-3E9E-11E8-A5CB-3FA3753A265A,{'subject': 'None master'},285094
93A6A8E9-3E9E-11E8-A5CB-3FA3753A265A,{'subject': 'None master'},285095
93CBF4E7-3E9E-11E8-A5CB-3FA3753A265A,{'subject': 'None master'},285096
93DA8E9A-3E9E-11E8-A5CB-3FA3753A265A,{'subject': 'None master'},285097
93E7F355-3E9E-11E8-A5CB-3FA3753A265A,{'subject': 'None master'},285098
93F729B1-3E9E-11E8-A5CB-3FA3753A265A,{'subject': 'None master'},285099
94048EA7-3E9E-11E8-A5CB-3FA3753A265A,{'subject': 'None master'},285100
EF8E150A-3E9E-11E8-A5CB-3FA3753A265A,{'subject': 'None inetd'},285125
EFBA6A78-3E9E-11E8-A5CB-3FA3753A265A,{'subject': 'None inetd'},285126
F3A5B3BF-3E9E-11E8-A5CB-3FA3753A265A,{'subject': 'None inetd'},285133
F9369101-3E9E-11E8-A5CB-3FA3753A265A,{'subject': 'None inetd'},285138
F983642A-3E9E-11E8-A5CB-3FA3753A265A,{'subject': 'None inetd'},285139
FEFAACE3-3E9E-11E8-A5CB-3FA3753A265A,{'subject': 'None inetd'},285152
FF14D641-3E9E-11E8-A5CB-3FA3753A265A,{'subject': 'None inetd'},285153
0EC4EB4C-3E9F-11E8-A5CB-3FA3753A265A,{'subject': 'None master'},285154
0ED181BF-3E9F-11E8-A5CB-3FA3753A265A,{'subject': 'None master'},285155
0EE31DC4-3E9F-11E8-A5CB-3FA3753A265A,{'subject': 'None master'},285156
0EFE3FB8-3E9F-11E8-A5CB-3FA3753A265A,{'subject': 'None master'},285157
0F15EDDB-3E9F-11E8-A5CB-3FA3753A265A,{'subject': 'None master'},285158
0F35E018-3E9F-11E8-A5CB-3FA3753A265A,{'subject': 'None master'},285159
0F456FC8-3E9F-11E8-A5CB-3FA3753A265A,{'subject': 'None master'},285160
0F5B4ECC-3E9F-11E8-A5CB-3FA3753A265A,{'subject': 'None master'},285161
7E32C3D4-3E9F-11E8-A5CB-3FA3753A265A,{'subject': 'None inetd'},285196
7E3B70B2-3E9F-11E8-A5CB-3FA3753A265A,{'subject': 'None inetd'},285197
DDB46C16-3E9F-11E8-A5CB-3FA3753A265A,{'subject': 'None inetd'},285234
E11EE71A-3E9F-11E8-A5CB-3FA3753A265A,{'subject': 'None inetd'},285241
E13ED48B-3E9F-11E8-A5CB-3FA3753A265A,{'subject': 'None inetd'},285242
E16216E2-3E9F-11E8-A5CB-3FA3753A265A,{'subject': 'None inetd'},285243
F6A10024-3E9F-11E8-A5CB-3FA3753A265A,{'subject': 'None master'},285256
F6ADBF54-3E9F-11E8-A5CB-3FA3753A265A,{'subject': 'None master'},285257
F6C02963-3E9F-11E8-A5CB-3FA3753A265A,{'subject': 'None master'},285260
F6D32256-3E9F-11E8-A5CB-3FA3753A265A,{'subject': 'None master'},285261
F6ED6B25-3E9F-11E8-A5CB-3FA3753A265A,{'subject': 'None master'},285262
F70D46AA-3E9F-11E8-A5CB-3FA3753A265A,{'subject': 'None master'},285263
F71C2B35-3E9F-11E8-A5CB-3FA3753A265A,{'subject': 'None master'},285264
F72B69E0-3E9F-11E8-A5CB-3FA3753A265A,{'subject': 'None master'},285265
F73E10F6-3E9F-11E8-A5CB-3FA3753A265A,{'subject': 'None master'},285266
4E7CFA4B-3EA0-11E8-A5CB-3FA3753A265A,{'subject': 'None inetd'},285299
520F41CE-3EA0-11E8-A5CB-3FA3753A265A,{'subject': 'None inetd'},285306
522513D0-3EA0-11E8-A5CB-3FA3753A265A,{'subject': 'None inetd'},285307
52501D4D-3EA0-11E8-A5CB-3FA3753A265A,{'subject': 'None inetd'},285308
528F4703-3EA0-11E8-A5CB-3FA3753A265A,{'subject': 'None inetd'},285309
6B0416E5-3EA0-11E8-A5CB-3FA3753A265A,{'subject': 'None master'},285322
6B110CD6-3EA0-11E8-A5CB-3FA3753A265A,{'subject': 'None master'},285323
6B656169-3EA0-11E8-A5CB-3FA3753A265A,{'subject': 'None master'},285324
6B8F12CB-3EA0-11E8-A5CB-3FA3753A265A,{'subject': 'None master'},285325
6BF760EF-3EA0-11E8-A5CB-3FA3753A265A,{'subject': 'None master'},285326
6C04E5CF-3EA0-11E8-A5CB-3FA3753A265A,{'subject': 'None master'},285327
6C15ED35-3EA0-11E8-A5CB-3FA3753A265A,{'subject': 'None master'},285328
B7BF5E4A-3EA0-11E8-A5CB-3FA3753A265A,{'subject': 'None inetd'},285353
BB2C7B78-3EA0-11E8-A5CB-3FA3753A265A,{'subject': 'None inetd'},285360
BB420D32-3EA0-11E8-A5CB-3FA3753A265A,{'subject': 'None inetd'},285361
BB714064-3EA0-11E8-A5CB-3FA3753A265A,{'subject': 'None inetd'},285362
D5045A5B-3EA0-11E8-A5CB-3FA3753A265A,{'subject': 'None master'},285373
D5114B52-3EA0-11E8-A5CB-3FA3753A265A,{'subject': 'None master'},285374
D5615E3D-3EA0-11E8-A5CB-3FA3753A265A,{'subject': 'None master'},285375
D584EB75-3EA0-11E8-A5CB-3FA3753A265A,{'subject': 'None master'},285376
D5B25EC5-3EA0-11E8-A5CB-3FA3753A265A,{'subject': 'None master'},285377
D5C0C845-3EA0-11E8-A5CB-3FA3753A265A,{'subject': 'None master'},285378
D5CF7920-3EA0-11E8-A5CB-3FA3753A265A,{'subject': 'None master'},285379
D5E6090D-3EA0-11E8-A5CB-3FA3753A265A,{'subject': 'None master'},285380
2E484670-3EA1-11E8-A5CB-3FA3753A265A,{'subject': 'None inetd'},285407
2ED69488-3EA1-11E8-A5CB-3FA3753A265A,{'subject': 'None inetd'},285408
53E9217A-3EA1-11E8-A5CB-3FA3753A265A,{'subject': 'None inetd'},285425
53E94DD2-3EA1-11E8-A5CB-3FA3753A265A,{'subject': 'None inetd'},285426
1D333E67-3EA2-11E8-A5CB-3FA3753A265A,{'subject': 'None inetd'},285503
209E3EB3-3EA2-11E8-A5CB-3FA3753A265A,{'subject': 'None inetd'},285508
20B4657A-3EA2-11E8-A5CB-3FA3753A265A,{'subject': 'None inetd'},285509
20E03E07-3EA2-11E8-A5CB-3FA3753A265A,{'subject': 'None inetd'},285510
34C6CFB0-3EA2-11E8-A5CB-3FA3753A265A,{'subject': 'None master'},285511
34D3B1ED-3EA2-11E8-A5CB-3FA3753A265A,{'subject': 'None master'},285512
34E5AB7D-3EA2-11E8-A5CB-3FA3753A265A,{'subject': 'None master'},285513
34F45649-3EA2-11E8-A5CB-3FA3753A265A,{'subject': 'None master'},285514
3504C494-3EA2-11E8-A5CB-3FA3753A265A,{'subject': 'None master'},285515
3521E432-3EA2-11E8-A5CB-3FA3753A265A,{'subject': 'None master'},285516
352FC589-3EA2-11E8-A5CB-3FA3753A265A,{'subject': 'None master'},285517
3540C3E2-3EA2-11E8-A5CB-3FA3753A265A,{'subject': 'None master'},285518
354F5FF9-3EA2-11E8-A5CB-3FA3753A265A,{'subject': 'None master'},285519
36485ABE-3EA2-11E8-A5CB-3FA3753A265A,{'subject': 'None inetd'},285524
39C6EC43-3EA2-11E8-A5CB-3FA3753A265A,{'subject': 'None inetd'},285540
39DDB651-3EA2-11E8-A5CB-3FA3753A265A,{'subject': 'None inetd'},285541
3A074FC5-3EA2-11E8-A5CB-3FA3753A265A,{'subject': 'None inetd'},285543
3A5E134A-3EA2-11E8-A5CB-3FA3753A265A,{'subject': 'None inetd'},285544
449EC2FB-3EA2-11E8-A5CB-3FA3753A265A,{'subject': 'None master'},285545
A74353BF-3EA2-11E8-A5CB-3FA3753A265A,{'subject': 'None master'},285582
D4CBDAA2-3EA3-11E8-A5CB-3FA3753A265A,{'subject': 'None inetd'},285679
E0207FD9-3EA3-11E8-A5CB-3FA3753A265A,{'subject': 'None inetd'},285686
E0373A30-3EA3-11E8-A5CB-3FA3753A265A,{'subject': 'None inetd'},285687
EE20A88A-3EA3-11E8-A5CB-3FA3753A265A,{'subject': 'None master'},285698
EE2F15F4-3EA3-11E8-A5CB-3FA3753A265A,{'subject': 'None master'},285699
EE42B215-3EA3-11E8-A5CB-3FA3753A265A,{'subject': 'None master'},285700
EE51AC55-3EA3-11E8-A5CB-3FA3753A265A,{'subject': 'None master'},285701
EE62131E-3EA3-11E8-A5CB-3FA3753A265A,{'subject': 'None master'},285702
EE7DA1E0-3EA3-11E8-A5CB-3FA3753A265A,{'subject': 'None master'},285703
EE8FE613-3EA3-11E8-A5CB-3FA3753A265A,{'subject': 'None master'},285704
EE9F0EDF-3EA3-11E8-A5CB-3FA3753A265A,{'subject': 'None master'},285705
EEACCC91-3EA3-11E8-A5CB-3FA3753A265A,{'subject': 'None master'},285706
EEBBA9FB-3EA3-11E8-A5CB-3FA3753A265A,{'subject': 'None master'},285707
88DFB3CF-3EA4-11E8-A5CB-3FA3753A265A,{'subject': 'None inetd'},285766
88E2354D-3EA4-11E8-A5CB-3FA3753A265A,{'subject': 'None inetd'},285767
9400B50B-3EA4-11E8-A5CB-3FA3753A265A,{'subject': 'None inetd'},285772
942D509B-3EA4-11E8-A5CB-3FA3753A265A,{'subject': 'None inetd'},285773
A162A906-3EA4-11E8-A5CB-3FA3753A265A,{'subject': 'None inetd'},285786
A279F249-3EA4-11E8-A5CB-3FA3753A265A,{'subject': 'None inetd'},285789
AD4C7F90-3EA4-11E8-A5CB-3FA3753A265A,{'subject': 'None inetd'},285790
B0CEF459-3EA4-11E8-A5CB-3FA3753A265A,{'subject': 'None inetd'},285797
B10C841E-3EA4-11E8-A5CB-3FA3753A265A,{'subject': 'None inetd'},285798
B1571DBA-3EA4-11E8-A5CB-3FA3753A265A,{'subject': 'None inetd'},285799
B1952B24-3EA4-11E8-A5CB-3FA3753A265A,{'subject': 'None inetd'},285800
C0DC6458-3EA4-11E8-A5CB-3FA3753A265A,{'subject': 'None master'},285803
C0F035A1-3EA4-11E8-A5CB-3FA3753A265A,{'subject': 'None master'},285804
C105453E-3EA4-11E8-A5CB-3FA3753A265A,{'subject': 'None master'},285805
C1497F96-3EA4-11E8-A5CB-3FA3753A265A,{'subject': 'None master'},285806
C171FB4F-3EA4-11E8-A5CB-3FA3753A265A,{'subject': 'None master'},285807
C19762F0-3EA4-11E8-A5CB-3FA3753A265A,{'subject': 'None master'},285810
C1A50A9E-3EA4-11E8-A5CB-3FA3753A265A,{'subject': 'None master'},285811
C1BA5CA4-3EA4-11E8-A5CB-3FA3753A265A,{'subject': 'None master'},285812
C1D2CE9A-3EA4-11E8-A5CB-3FA3753A265A,{'subject': 'None master'},285813
CBA91C78-3EA4-11E8-A5CB-3FA3753A265A,{'subject': 'None inetd'},285824
CF275D77-3EA4-11E8-A5CB-3FA3753A265A,{'subject': 'None inetd'},285829
CF3E0FBF-3EA4-11E8-A5CB-3FA3753A265A,{'subject': 'None inetd'},285830
CF69D284-3EA4-11E8-A5CB-3FA3753A265A,{'subject': 'None inetd'},285831
CFA7E644-3EA4-11E8-A5CB-3FA3753A265A,{'subject': 'None inetd'},285832
DE63E62D-3EA4-11E8-A5CB-3FA3753A265A,{'subject': 'None master'},285833
E8CF1E24-3EA4-11E8-A5CB-3FA3753A265A,{'subject': 'None inetd'},285848
EC5099AD-3EA4-11E8-A5CB-3FA3753A265A,{'subject': 'None inetd'},285853
EC6649F7-3EA4-11E8-A5CB-3FA3753A265A,{'subject': 'None inetd'},285854
EC940CC5-3EA4-11E8-A5CB-3FA3753A265A,{'subject': 'None inetd'},285855
ECD39BCF-3EA4-11E8-A5CB-3FA3753A265A,{'subject': 'None inetd'},285856
0373B091-3EA5-11E8-A5CB-3FA3753A265A,{'subject': 'None master'},285857
2E6C9DAD-3EA5-11E8-A5CB-3FA3753A265A,{'subject': 'None inetd'},285876
39C2D7E4-3EA5-11E8-A5CB-3FA3753A265A,{'subject': 'None inetd'},285889
39E439B7-3EA5-11E8-A5CB-3FA3753A265A,{'subject': 'None inetd'},285890
4CD70014-3EA5-11E8-A5CB-3FA3753A265A,{'subject': 'None master'},285907
4CE547B7-3EA5-11E8-A5CB-3FA3753A265A,{'subject': 'None master'},285908
4D2D316C-3EA5-11E8-A5CB-3FA3753A265A,{'subject': 'None master'},285909
4D473C27-3EA5-11E8-A5CB-3FA3753A265A,{'subject': 'None master'},285910
4D652224-3EA5-11E8-A5CB-3FA3753A265A,{'subject': 'None master'},285911
4D73B446-3EA5-11E8-A5CB-3FA3753A265A,{'subject': 'None master'},285912
4D8372BC-3EA5-11E8-A5CB-3FA3753A265A,{'subject': 'None master'},285913
7902AD22-3EA5-11E8-A5CB-3FA3753A265A,{'subject': 'None inetd'},285943
794BA05C-3EA5-11E8-A5CB-3FA3753A265A,{'subject': 'None inetd'},285944
AF5F6F2F-3EA5-11E8-A5CB-3FA3753A265A,{'subject': 'None sshd'},285959
DDA12E5B-3EA5-11E8-A5CB-3FA3753A265A,{'subject': 'None inetd'},285981
E124CFB4-3EA5-11E8-A5CB-3FA3753A265A,{'subject': 'None inetd'},285988
E13AA13E-3EA5-11E8-A5CB-3FA3753A265A,{'subject': 'None inetd'},285989
E16583A1-3EA5-11E8-A5CB-3FA3753A265A,{'subject': 'None inetd'},285990
E1A513EC-3EA5-11E8-A5CB-3FA3753A265A,{'subject': 'None inetd'},285993
F201A90B-3EA5-11E8-A5CB-3FA3753A265A,{'subject': 'None master'},286005
F20E7E66-3EA5-11E8-A5CB-3FA3753A265A,{'subject': 'None master'},286006
F21FF527-3EA5-11E8-A5CB-3FA3753A265A,{'subject': 'None master'},286007
F25531C3-3EA5-11E8-A5CB-3FA3753A265A,{'subject': 'None master'},286008
F26922D2-3EA5-11E8-A5CB-3FA3753A265A,{'subject': 'None master'},286009
F28D7FA0-3EA5-11E8-A5CB-3FA3753A265A,{'subject': 'None master'},286010
F29E317A-3EA5-11E8-A5CB-3FA3753A265A,{'subject': 'None master'},286011
F2B0F5C5-3EA5-11E8-A5CB-3FA3753A265A,{'subject': 'None master'},286012
80F82AAB-3EA6-11E8-A5CB-3FA3753A265A,{'subject': '/usr/local/libexec imapd'},286057
84A67D60-3EA6-11E8-A5CB-3FA3753A265A,{'subject': '/usr/local/libexec imapd'},286063
847FED00-3EA6-11E8-A5CB-3FA3753A265A,{'subject': 'None inetd'},286062
84FDA82A-3EA6-11E8-A5CB-3FA3753A265A,{'subject': '/usr/local/libexec imapd'},286064
853C8E17-3EA6-11E8-A5CB-3FA3753A265A,{'subject': '/usr/local/libexec imapd'},286065
54D3FA7D-3EA7-11E8-A5CB-3FA3753A265A,{'subject': 'None inetd'},286142
5565046C-3EA7-11E8-A5CB-3FA3753A265A,{'subject': 'None inetd'},286147
C28FBBAD-3EA7-11E8-A5CB-3FA3753A265A,{'subject': 'None sshd'},286178
FEE8F07F-3EA7-11E8-A5CB-3FA3753A265A,{'subject': 'None inetd'},286198
FEE91B2C-3EA7-11E8-A5CB-3FA3753A265A,{'subject': 'None inetd'},286199
BB90AB7E-3EA8-11E8-A5CB-3FA3753A265A,{'subject': 'None sshd'},286278
40E9A0FF-3EA9-11E8-A5CB-3FA3753A265A,{'subject': 'None inetd'},286319
41086968-3EA9-11E8-A5CB-3FA3753A265A,{'subject': 'None inetd'},286320
669ECCB9-3EA9-11E8-A5CB-3FA3753A265A,{'subject': 'None inetd'},286333
66DC45BF-3EA9-11E8-A5CB-3FA3753A265A,{'subject': 'None inetd'},286334
BF0FBB3B-3EA9-11E8-A5CB-3FA3753A265A,{'subject': 'None master'},286373
BF1CABB5-3EA9-11E8-A5CB-3FA3753A265A,{'subject': 'None master'},286374
BF36542C-3EA9-11E8-A5CB-3FA3753A265A,{'subject': 'None master'},286375
BF934AF1-3EA9-11E8-A5CB-3FA3753A265A,{'subject': 'None master'},286376
C00F2138-3EA9-11E8-A5CB-3FA3753A265A,{'subject': 'None inetd'},286377
C34183B1-3EA9-11E8-A5CB-3FA3753A265A,{'subject': 'None master'},286378
C3BFE508-3EA9-11E8-A5CB-3FA3753A265A,{'subject': 'None master'},286379
C3CD56A7-3EA9-11E8-A5CB-3FA3753A265A,{'subject': 'None master'},286380
C3DB0F1D-3EA9-11E8-A5CB-3FA3753A265A,{'subject': 'None master'},286381
C3EAED88-3EA9-11E8-A5CB-3FA3753A265A,{'subject': 'None master'},286382
DEFA71D6-3EA9-11E8-A5CB-3FA3753A265A,{'subject': 'None master'},286407
EA7DA046-3EA9-11E8-A5CB-3FA3753A265A,{'subject': 'None inetd'},286408
EAB84140-3EA9-11E8-A5CB-3FA3753A265A,{'subject': 'None master'},286409
EEC7609E-3EA9-11E8-A5CB-3FA3753A265A,{'subject': 'None master'},286410
03C7C1DF-3EAA-11E8-A5CB-3FA3753A265A,{'subject': 'None master'},286423
C41D74C4-3EAA-11E8-A5CB-3FA3753A265A,{'subject': 'None sshd'},286476
6F01696C-3EAB-11E8-A5CB-3FA3753A265A,{'subject': 'None inetd'},286550
6F64C417-3EAB-11E8-A5CB-3FA3753A265A,{'subject': 'None inetd'},286551
73563D04-3EAB-11E8-A5CB-3FA3753A265A,{'subject': 'None inetd'},286552
763B207E-3EAB-11E8-A5CB-3FA3753A265A,{'subject': 'None inetd'},286553
83D7D768-3EAB-11E8-A5CB-3FA3753A265A,{'subject': 'None inetd'},286560
84592264-3EAB-11E8-A5CB-3FA3753A265A,{'subject': 'None inetd'},286563
0758CFD1-3EAC-11E8-A5CB-3FA3753A265A,{'subject': 'None inetd'},286604
2CBA17FE-3EAC-11E8-A5CB-3FA3753A265A,{'subject': 'None master'},286623
2CC6B1AB-3EAC-11E8-A5CB-3FA3753A265A,{'subject': 'None master'},286624
2CD9894C-3EAC-11E8-A5CB-3FA3753A265A,{'subject': 'None master'},286625
2D4110C2-3EAC-11E8-A5CB-3FA3753A265A,{'subject': 'None master'},286626
37968EE6-3EAC-11E8-A5CB-3FA3753A265A,{'subject': 'None sshd'},286629
0DCF83A9-3EAD-11E8-A5CB-3FA3753A265A,{'subject': 'None sshd'},286713
CD38C7AE-3EAD-11E8-A5CB-3FA3753A265A,{'subject': 'None inetd'},286810
CE04E4A6-3EAD-11E8-A5CB-3FA3753A265A,{'subject': 'None inetd'},286811
DD41913F-3EAD-11E8-A5CB-3FA3753A265A,{'subject': 'None sshd'},286814
9567B6C2-3EAE-11E8-A5CB-3FA3753A265A,{'subject': 'None sshd'},286879
746F9B72-3EAF-11E8-A5CB-3FA3753A265A,{'subject': 'None inetd'},286963
7495968F-3EAF-11E8-A5CB-3FA3753A265A,{'subject': 'None inetd'},286964
B4B72E00-3EAF-11E8-A5CB-3FA3753A265A,{'subject': 'None inetd'},286989
B5069DB9-3EAF-11E8-A5CB-3FA3753A265A,{'subject': 'None inetd'},286990
7E2299AD-3EB0-11E8-A5CB-3FA3753A265A,{'subject': 'None sshd'},287055
A012163B-3EB0-11E8-A5CB-3FA3753A265A,{'subject': 'None master'},287074
02101323-3EB1-11E8-A5CB-3FA3753A265A,{'subject': 'None inetd'},287109
02103C8C-3EB1-11E8-A5CB-3FA3753A265A,{'subject': 'None inetd'},287110
D0FFF695-3EB1-11E8-A5CB-3FA3753A265A,{'subject': 'None inetd'},287177
D1002224-3EB1-11E8-A5CB-3FA3753A265A,{'subject': 'None inetd'},287178
E06E93AD-3EB1-11E8-A5CB-3FA3753A265A,{'subject': 'None sshd'},287191
6A6B6913-3EB3-11E8-A5CB-3FA3753A265A,{'subject': 'None sshd'},287332
8CE071DD-3EB3-11E8-A5CB-3FA3753A265A,{'subject': 'None inetd'},287349
8CE09DC9-3EB3-11E8-A5CB-3FA3753A265A,{'subject': 'None inetd'},287350
A8A121F7-3EB3-11E8-A5CB-3FA3753A265A,{'subject': 'None inetd'},287359
AA1A01A0-3EB3-11E8-A5CB-3FA3753A265A,{'subject': 'None inetd'},287362
FCBF50B6-3EB3-11E8-A5CB-3FA3753A265A,{'subject': 'None inetd'},287407
01429F3F-3EB4-11E8-A5CB-3FA3753A265A,{'subject': 'None inetd'},287410
3570ABD4-3EB4-11E8-A5CB-3FA3753A265A,{'subject': 'None inetd'},287421
35AC8239-3EB4-11E8-A5CB-3FA3753A265A,{'subject': 'None master'},287422
35B9A9ED-3EB4-11E8-A5CB-3FA3753A265A,{'subject': 'None master'},287423
35CC1678-3EB4-11E8-A5CB-3FA3753A265A,{'subject': 'None master'},287424
360654CB-3EB4-11E8-A5CB-3FA3753A265A,{'subject': 'None master'},287425
7D5CC35B-3EB5-11E8-A5CB-3FA3753A265A,{'subject': 'None sshd'},287534
5FC9C956-3EB6-11E8-A5CB-3FA3753A265A,{'subject': 'None sshd'},287635
B6B7EE32-3EB7-11E8-A5CB-3FA3753A265A,{'subject': 'None sshd'},287751
1D2FB1AA-3EB8-11E8-A5CB-3FA3753A265A,{'subject': 'None inetd'},287796
1DC7DCAC-3EB8-11E8-A5CB-3FA3753A265A,{'subject': 'None inetd'},287797
75CD1358-3EB9-11E8-A5CB-3FA3753A265A,{'subject': 'None sshd'},287904
7E359256-3EB9-11E8-A5CB-3FA3753A265A,{'subject': 'None inetd'},287924
7E35BD24-3EB9-11E8-A5CB-3FA3753A265A,{'subject': 'None inetd'},287925
973E9560-3EB9-11E8-A5CB-3FA3753A265A,{'subject': 'None inetd'},287928
97681809-3EB9-11E8-A5CB-3FA3753A265A,{'subject': 'None inetd'},287931
35DD25B3-3EBA-11E8-A5CB-3FA3753A265A,{'subject': 'None inetd'},287986
35DD5056-3EBA-11E8-A5CB-3FA3753A265A,{'subject': 'None inetd'},287987
3C76D118-3EBA-11E8-A5CB-3FA3753A265A,{'subject': 'None sshd'},287990
B11F33EE-3EBB-11E8-A5CB-3FA3753A265A,{'subject': 'None sshd'},288120
6F567E10-3EBC-11E8-A5CB-3FA3753A265A,{'subject': 'None sshd'},288203
134A7255-3EBE-11E8-A5CB-3FA3753A265A,{'subject': 'None sshd'},288340
67A04B9F-3EBE-11E8-A5CB-3FA3753A265A,{'subject': 'None inetd'},288396
68204385-3EBE-11E8-A5CB-3FA3753A265A,{'subject': 'None inetd'},288397
6A78D425-3EBE-11E8-A5CB-3FA3753A265A,{'subject': 'None sshd'},288400
999FF193-3EBE-11E8-A5CB-3FA3753A265A,{'subject': 'None master'},288442
C50C794C-3EBF-11E8-A5CB-3FA3753A265A,{'subject': 'None sshd'},288529
7C3CBAAC-3EC0-11E8-A5CB-3FA3753A265A,{'subject': 'None sshd'},288601
4BAF41E4-3EC1-11E8-A5CB-3FA3753A265A,{'subject': 'None inetd'},288673
4C802121-3EC1-11E8-A5CB-3FA3753A265A,{'subject': 'None inetd'},288674
7D7B8642-3EC1-11E8-A5CB-3FA3753A265A,{'subject': 'None inetd'},288699
7D7BB0D8-3EC1-11E8-A5CB-3FA3753A265A,{'subject': 'None inetd'},288700
BE390F64-3EC1-11E8-A5CB-3FA3753A265A,{'subject': 'None inetd'},288723
BE40D243-3EC1-11E8-A5CB-3FA3753A265A,{'subject': 'None inetd'},288724
F232652A-3EC1-11E8-A5CB-3FA3753A265A,{'subject': 'None sshd'},288749
B0990ADD-3EC2-11E8-A5CB-3FA3753A265A,{'subject': 'None sshd'},288812
5E92AC16-3EC3-11E8-A5CB-3FA3753A265A,{'subject': 'None sshd'},288890
4BDAFE7F-3EC5-11E8-A5CB-3FA3753A265A,{'subject': 'None sshd'},289047
C3402ECA-3EC5-11E8-A5CB-3FA3753A265A,{'subject': 'None inetd'},289099
C3CB2BE9-3EC5-11E8-A5CB-3FA3753A265A,{'subject': 'None inetd'},289102
69C9FB25-3EC6-11E8-A5CB-3FA3753A265A,{'subject': 'None sshd'},289157
B2DD5BB3-3EC6-11E8-A5CB-3FA3753A265A,{'subject': 'None inetd'},289185
B2FAB9B6-3EC6-11E8-A5CB-3FA3753A265A,{'subject': 'None inetd'},289186
D42C54EC-3EC6-11E8-A5CB-3FA3753A265A,{'subject': 'None inetd'},289215
D42C9CC9-3EC6-11E8-A5CB-3FA3753A265A,{'subject': 'None inetd'},289216
DF67DDC4-3EC8-11E8-A5CB-3FA3753A265A,{'subject': 'None inetd'},289612
DF6831B2-3EC8-11E8-A5CB-3FA3753A265A,{'subject': 'None inetd'},289613
FFBF7A5C-3EC8-11E8-A5CB-3FA3753A265A,{'subject': 'None inetd'},289626
FFBFBCD8-3EC8-11E8-A5CB-3FA3753A265A,{'subject': 'None inetd'},289627
F4B59EAF-3ECA-11E8-A5CB-3FA3753A265A,{'subject': 'None inetd'},289790
F4B5CC00-3ECA-11E8-A5CB-3FA3753A265A,{'subject': 'None inetd'},289791
93600BEC-3ECC-11E8-A5CB-3FA3753A265A,{'subject': 'None master'},289959
2502068B-3ECF-11E8-A5CB-3FA3753A265A,{'subject': 'None inetd'},290190
2590040A-3ECF-11E8-A5CB-3FA3753A265A,{'subject': 'None inetd'},290191
55D5EEAC-3ED3-11E8-A5CB-3FA3753A265A,{'subject': 'None inetd'},290543
55D9E7CB-3ED3-11E8-A5CB-3FA3753A265A,{'subject': 'None inetd'},290544
6E2AE0FC-3ED5-11E8-A5CB-3FA3753A265A,{'subject': 'None inetd'},290733
6E315647-3ED5-11E8-A5CB-3FA3753A265A,{'subject': 'None inetd'},290734
11C65665-3DC3-11E8-A5CA-3FA3753A265A,{'subject': 'None unknown_proc_128'},282876
8699D9CA-3ED7-11E8-A5CB-3FA3753A265A,{'subject': 'None inetd'},290923
86A9AB8B-3ED7-11E8-A5CB-3FA3753A265A,{'subject': 'None inetd'},290924
9EE53A7A-3ED9-11E8-A5CB-3FA3753A265A,{'subject': 'None inetd'},291104
9EE56A4E-3ED9-11E8-A5CB-3FA3753A265A,{'subject': 'None inetd'},291105
8D3D457B-3EDA-11E8-A5CB-3FA3753A265A,{'subject': 'None master'},291172
CFAFA55A-3EDD-11E8-A5CB-3FA3753A265A,{'subject': 'None inetd'},291466
CFC1CE6D-3EDD-11E8-A5CB-3FA3753A265A,{'subject': 'None inetd'},291468
00B22A5F-3EE2-11E8-A5CB-3FA3753A265A,{'subject': 'None inetd'},291822
00BC1668-3EE2-11E8-A5CB-3FA3753A265A,{'subject': 'None inetd'},291823
18D45F01-3EE4-11E8-A5CB-3FA3753A265A,{'subject': 'None inetd'},291996
18F13FE7-3EE4-11E8-A5CB-3FA3753A265A,{'subject': 'None inetd'},291997
49BE9BE0-3EE8-11E8-A5CB-3FA3753A265A,{'subject': 'None inetd'},292370
49E096A9-3EE8-11E8-A5CB-3FA3753A265A,{'subject': 'None inetd'},292371
86484A7E-3EE8-11E8-A5CB-3FA3753A265A,{'subject': 'None master'},292399
6281230F-3EEA-11E8-A5CB-3FA3753A265A,{'subject': 'None inetd'},292552
628346ED-3EEA-11E8-A5CB-3FA3753A265A,{'subject': 'None inetd'},292553
930D71C9-3EEE-11E8-A5CB-3FA3753A265A,{'subject': 'None inetd'},292909
93975FB2-3EEE-11E8-A5CB-3FA3753A265A,{'subject': 'None inetd'},292911
AB5CE2F2-3EF0-11E8-A5CB-3FA3753A265A,{'subject': 'None inetd'},293090
AB70961E-3EF0-11E8-A5CB-3FA3753A265A,{'subject': 'None inetd'},293091
DC53D930-3EF4-11E8-A5CB-3FA3753A265A,{'subject': 'None inetd'},293455
DC5403E0-3EF4-11E8-A5CB-3FA3753A265A,{'subject': 'None inetd'},293456
7F66CD71-3EF6-11E8-A5CB-3FA3753A265A,{'subject': 'None master'},293599
F4E69795-3EF6-11E8-A5CB-3FA3753A265A,{'subject': 'None inetd'},293644
F4E6DE03-3EF6-11E8-A5CB-3FA3753A265A,{'subject': 'None inetd'},293645
25F64714-3EFB-11E8-A5CB-3FA3753A265A,{'subject': 'None inetd'},294009
2683C7A3-3EFB-11E8-A5CB-3FA3753A265A,{'subject': 'None inetd'},294012
3E1AD925-3EFD-11E8-A5CB-3FA3753A265A,{'subject': 'None inetd'},294183
3E2188D4-3EFD-11E8-A5CB-3FA3753A265A,{'subject': 'None inetd'},294184
6F0B905F-3F01-11E8-A5CB-3FA3753A265A,{'subject': 'None inetd'},294547
6F1102DC-3F01-11E8-A5CB-3FA3753A265A,{'subject': 'None inetd'},294548
8786D0B2-3F03-11E8-A5CB-3FA3753A265A,{'subject': 'None inetd'},294728
879F9681-3F03-11E8-A5CB-3FA3753A265A,{'subject': 'None inetd'},294729
78804BCC-3F04-11E8-A5CB-3FA3753A265A,{'subject': 'None master'},294804
B88FA0A5-3F07-11E8-A5CB-3FA3753A265A,{'subject': 'None inetd'},295089
B88FCF48-3F07-11E8-A5CB-3FA3753A265A,{'subject': 'None inetd'},295090
5F18A5FF-3F0A-11E8-A5CB-3FA3753A265A,{'subject': 'None sshd'},295324
7A7A1E08-3F0B-11E8-A5CB-3FA3753A265A,{'subject': 'None sshd'},295428
EA6CCD21-3F0B-11E8-A5CB-3FA3753A265A,{'subject': 'None inetd'},295470
EAFF33D8-3F0B-11E8-A5CB-3FA3753A265A,{'subject': 'None inetd'},295473
AE36522C-3F0C-11E8-A5CB-3FA3753A265A,{'subject': 'None sshd'},295526
711AEF4F-3F0D-11E8-A5CB-3FA3753A265A,{'subject': 'None sshd'},295610
98E7A3DA-3F0E-11E8-A5CB-3FA3753A265A,{'subject': 'None sshd'},295714
0D3DB6AD-3F10-11E8-A5CB-3FA3753A265A,{'subject': 'None sshd'},295840
DD33337C-3F10-11E8-A5CB-3FA3753A265A,{'subject': 'None sshd'},295914
0DD82B8B-3F12-11E8-A5CB-3FA3753A265A,{'subject': 'None sshd'},296021
710AC17E-3F12-11E8-A5CB-3FA3753A265A,{'subject': '/usr/local/libexec/postfix pickup'},296080
C8AA8B6D-3F1A-11E8-A5CB-3FA3753A265A,{'subject': 'None sshd'},296788
E0C1A46B-3F1B-11E8-A5CB-3FA3753A265A,{'subject': 'None sshd'},296881
042ADADF-3F1C-11E8-A5CB-3FA3753A265A,{'subject': 'None sshd'},296904
365C3110-3F1C-11E8-A5CB-3FA3753A265A,{'subject': 'None inetd'},296947
41ACC2F0-3F1C-11E8-A5CB-3FA3753A265A,{'subject': 'None inetd'},296954
41C711FC-3F1C-11E8-A5CB-3FA3753A265A,{'subject': 'None inetd'},296955
4CE66A9A-3F1C-11E8-A5CB-3FA3753A265A,{'subject': 'None master'},296956
4CF2EB4F-3F1C-11E8-A5CB-3FA3753A265A,{'subject': 'None master'},296957
4D07F7AB-3F1C-11E8-A5CB-3FA3753A265A,{'subject': 'None master'},296958
4D179E99-3F1C-11E8-A5CB-3FA3753A265A,{'subject': 'None master'},296959
4D2B045A-3F1C-11E8-A5CB-3FA3753A265A,{'subject': 'None master'},296960
4D48AE0E-3F1C-11E8-A5CB-3FA3753A265A,{'subject': 'None master'},296961
4D5D5984-3F1C-11E8-A5CB-3FA3753A265A,{'subject': 'None master'},296962
4D6ABAB6-3F1C-11E8-A5CB-3FA3753A265A,{'subject': 'None master'},296963
4D780541-3F1C-11E8-A5CB-3FA3753A265A,{'subject': 'None master'},296964
4FB0BFEA-3F1C-11E8-A5CB-3FA3753A265A,{'subject': '/tmp pEja72mA'},296969
8603F11E-3F1C-11E8-A5CB-3FA3753A265A,{'subject': 'None sshd'},296992
DD6625DA-3F1C-11E8-A5CB-3FA3753A265A,{'subject': '/usr/bin procstat'},297027
E24D97B4-3F1C-11E8-A5CB-3FA3753A265A,{'subject': 'None sshd'},297028
0A5AA28E-3F1D-11E8-A5CB-3FA3753A265A,{'subject': 'None sshd'},297047
11AA4698-3F1D-11E8-A5CB-3FA3753A265A,{'subject': 'None sshd'},297065
2885E269-3F1E-11E8-A5CB-3FA3753A265A,{'subject': 'None inetd'},297166
33D63C23-3F1E-11E8-A5CB-3FA3753A265A,{'subject': 'None inetd'},297181
33EDA669-3F1E-11E8-A5CB-3FA3753A265A,{'subject': 'None inetd'},297182
401EAE5A-3F1E-11E8-A5CB-3FA3753A265A,{'subject': 'None master'},297183
402BA1F3-3F1E-11E8-A5CB-3FA3753A265A,{'subject': 'None master'},297184
403D7ACA-3F1E-11E8-A5CB-3FA3753A265A,{'subject': 'None master'},297185
404C9B27-3F1E-11E8-A5CB-3FA3753A265A,{'subject': 'None master'},297186
405C8C9B-3F1E-11E8-A5CB-3FA3753A265A,{'subject': 'None master'},297187
407BC814-3F1E-11E8-A5CB-3FA3753A265A,{'subject': 'None master'},297188
4089B421-3F1E-11E8-A5CB-3FA3753A265A,{'subject': 'None master'},297189
40996BE6-3F1E-11E8-A5CB-3FA3753A265A,{'subject': 'None master'},297190
460E6328-3F1E-11E8-A5CB-3FA3753A265A,{'subject': 'None inetd'},297195
5166AE02-3F1E-11E8-A5CB-3FA3753A265A,{'subject': 'None inetd'},297202
51841BDF-3F1E-11E8-A5CB-3FA3753A265A,{'subject': 'None inetd'},297203
631328EE-3F1E-11E8-A5CB-3FA3753A265A,{'subject': 'None master'},297214
0D4F4D7F-3F1F-11E8-A5CB-3FA3753A265A,{'subject': 'None inetd'},297277
18A75A6B-3F1F-11E8-A5CB-3FA3753A265A,{'subject': 'None inetd'},297282
18C37A5F-3F1F-11E8-A5CB-3FA3753A265A,{'subject': 'None inetd'},297283
274EB63A-3F1F-11E8-A5CB-3FA3753A265A,{'subject': 'None master'},297284
275BD7D9-3F1F-11E8-A5CB-3FA3753A265A,{'subject': 'None master'},297285
276D4548-3F1F-11E8-A5CB-3FA3753A265A,{'subject': 'None master'},297286
2783A039-3F1F-11E8-A5CB-3FA3753A265A,{'subject': 'None master'},297287
279BB637-3F1F-11E8-A5CB-3FA3753A265A,{'subject': 'None master'},297288
27B97985-3F1F-11E8-A5CB-3FA3753A265A,{'subject': 'None master'},297289
27C97897-3F1F-11E8-A5CB-3FA3753A265A,{'subject': 'None master'},297290
27D78A39-3F1F-11E8-A5CB-3FA3753A265A,{'subject': 'None master'},297291
27E6132B-3F1F-11E8-A5CB-3FA3753A265A,{'subject': 'None master'},297292
6A44ACAB-3F20-11E8-A5CB-3FA3753A265A,{'subject': 'None master'},297403
81FAF249-3F21-11E8-A5CB-3FA3753A265A,{'subject': 'None inetd'},297498
855AEEB6-3F21-11E8-A5CB-3FA3753A265A,{'subject': 'None inetd'},297505
85705FC4-3F21-11E8-A5CB-3FA3753A265A,{'subject': 'None inetd'},297506
85E0D2A7-3F21-11E8-A5CB-3FA3753A265A,{'subject': 'None inetd'},297507
968D3DDE-3F21-11E8-A5CB-3FA3753A265A,{'subject': 'None master'},297520
969A3ADF-3F21-11E8-A5CB-3FA3753A265A,{'subject': 'None master'},297521
96AC1461-3F21-11E8-A5CB-3FA3753A265A,{'subject': 'None master'},297522
96BC16EC-3F21-11E8-A5CB-3FA3753A265A,{'subject': 'None master'},297523
96CDE62A-3F21-11E8-A5CB-3FA3753A265A,{'subject': 'None master'},297524
96F5A9C8-3F21-11E8-A5CB-3FA3753A265A,{'subject': 'None master'},297525
970531B4-3F21-11E8-A5CB-3FA3753A265A,{'subject': 'None master'},297526
9713C6B7-3F21-11E8-A5CB-3FA3753A265A,{'subject': 'None master'},297527
9728E8D2-3F21-11E8-A5CB-3FA3753A265A,{'subject': 'None master'},297528
3D396A63-3F2A-11E8-A5CB-3FA3753A265A,{'subject': 'None inetd'},298407
3D4C0085-3F2A-11E8-A5CB-3FA3753A265A,{'subject': 'None inetd'},298408
3DB0EF46-3F2A-11E8-A5CB-3FA3753A265A,{'subject': 'None inetd'},298417
4444CAE1-3F2A-11E8-A5CB-3FA3753A265A,{'subject': 'None inetd'},298438
4472BFBA-3F2A-11E8-A5CB-3FA3753A265A,{'subject': 'None master'},298439
44825DEA-3F2A-11E8-A5CB-3FA3753A265A,{'subject': 'None master'},298440
44945EB1-3F2A-11E8-A5CB-3FA3753A265A,{'subject': 'None master'},298441
44ABF3C8-3F2A-11E8-A5CB-3FA3753A265A,{'subject': 'None master'},298442
45DC8B84-3F2A-11E8-A5CB-3FA3753A265A,{'subject': 'None master'},298443
461BE7C9-3F2A-11E8-A5CB-3FA3753A265A,{'subject': 'None master'},298444
462ADAAF-3F2A-11E8-A5CB-3FA3753A265A,{'subject': 'None master'},298445
463B1D8E-3F2A-11E8-A5CB-3FA3753A265A,{'subject': 'None master'},298446
46A99DDD-3F2A-11E8-A5CB-3FA3753A265A,{'subject': 'None master'},298447
4714AEB6-3F2A-11E8-A5CB-3FA3753A265A,{'subject': 'None master'},298448
47AED1E9-3F2A-11E8-A5CB-3FA3753A265A,{'subject': 'None master'},298449
497191B5-3F2A-11E8-A5CB-3FA3753A265A,{'subject': 'None inetd'},298450
49849071-3F2A-11E8-A5CB-3FA3753A265A,{'subject': 'None inetd'},298451
4ACA5CC8-3F2A-11E8-A5CB-3FA3753A265A,{'subject': 'None inetd'},298453
4CCB5F60-3F2A-11E8-A5CB-3FA3753A265A,{'subject': 'None inetd'},298462
4E8C5836-3F2A-11E8-A5CB-3FA3753A265A,{'subject': 'None inetd'},298464
DA1D6421-3F2B-11E8-A5CB-3FA3753A265A,{'subject': 'None inetd'},298656
E1E0D9BE-3F2B-11E8-A5CB-3FA3753A265A,{'subject': 'None inetd'},298663
E2896584-3F2B-11E8-A5CB-3FA3753A265A,{'subject': 'None inetd'},298664
E91701BC-3F2B-11E8-A5CB-3FA3753A265A,{'subject': 'None master'},298665
E923FB22-3F2B-11E8-A5CB-3FA3753A265A,{'subject': 'None master'},298666
E935961F-3F2B-11E8-A5CB-3FA3753A265A,{'subject': 'None master'},298667
E94494CC-3F2B-11E8-A5CB-3FA3753A265A,{'subject': 'None master'},298668
E9548A7E-3F2B-11E8-A5CB-3FA3753A265A,{'subject': 'None master'},298669
E972DA6E-3F2B-11E8-A5CB-3FA3753A265A,{'subject': 'None master'},298670
E9801DDF-3F2B-11E8-A5CB-3FA3753A265A,{'subject': 'None master'},298671
E9922DE4-3F2B-11E8-A5CB-3FA3753A265A,{'subject': 'None master'},298672
E9A32F32-3F2B-11E8-A5CB-3FA3753A265A,{'subject': 'None master'},298673
EF794DB1-3F2B-11E8-A5CB-3FA3753A265A,{'subject': 'None inetd'},298674
06EBA3CA-3F2D-11E8-A5CB-3FA3753A265A,{'subject': 'None inetd'},298820
070EFD5C-3F2D-11E8-A5CB-3FA3753A265A,{'subject': 'None inetd'},298821
170887E6-3F2E-11E8-A5CB-3FA3753A265A,{'subject': 'None inetd'},298908
1A678F46-3F2E-11E8-A5CB-3FA3753A265A,{'subject': 'None inetd'},298922
1A7E3468-3F2E-11E8-A5CB-3FA3753A265A,{'subject': 'None inetd'},298923
1AAB83F3-3F2E-11E8-A5CB-3FA3753A265A,{'subject': 'None inetd'},298926
3352DB53-3F2E-11E8-A5CB-3FA3753A265A,{'subject': 'None master'},298930
335FC18A-3F2E-11E8-A5CB-3FA3753A265A,{'subject': 'None master'},298931
33718E28-3F2E-11E8-A5CB-3FA3753A265A,{'subject': 'None master'},298932
33BA0EBE-3F2E-11E8-A5CB-3FA3753A265A,{'subject': 'None master'},298933
33DC63C5-3F2E-11E8-A5CB-3FA3753A265A,{'subject': 'None master'},298934
33F7DA7F-3F2E-11E8-A5CB-3FA3753A265A,{'subject': 'None master'},298935
340653D4-3F2E-11E8-A5CB-3FA3753A265A,{'subject': 'None master'},298936
34157A9F-3F2E-11E8-A5CB-3FA3753A265A,{'subject': 'None master'},298937
63F72DC8-3F2E-11E8-A5CB-3FA3753A265A,{'subject': 'None master'},298962
FF628710-3F2F-11E8-A5CB-3FA3753A265A,{'subject': 'None inetd'},299111
0AAE8988-3F30-11E8-A5CB-3FA3753A265A,{'subject': 'None inetd'},299118
0ACBF0DA-3F30-11E8-A5CB-3FA3753A265A,{'subject': 'None inetd'},299119
177020A6-3F30-11E8-A5CB-3FA3753A265A,{'subject': 'None master'},299130
177D116B-3F30-11E8-A5CB-3FA3753A265A,{'subject': 'None master'},299131
178EB728-3F30-11E8-A5CB-3FA3753A265A,{'subject': 'None master'},299132
179D5041-3F30-11E8-A5CB-3FA3753A265A,{'subject': 'None master'},299133
17AD2582-3F30-11E8-A5CB-3FA3753A265A,{'subject': 'None master'},299134
17D14919-3F30-11E8-A5CB-3FA3753A265A,{'subject': 'None master'},299135
17E61E16-3F30-11E8-A5CB-3FA3753A265A,{'subject': 'None master'},299136
17F61DCB-3F30-11E8-A5CB-3FA3753A265A,{'subject': 'None master'},299137
18062110-3F30-11E8-A5CB-3FA3753A265A,{'subject': 'None master'},299138
1D72F232-3F30-11E8-A5CB-3FA3753A265A,{'subject': 'None inetd'},299143
28C73220-3F30-11E8-A5CB-3FA3753A265A,{'subject': 'None inetd'},299148
28DE9FCB-3F30-11E8-A5CB-3FA3753A265A,{'subject': 'None inetd'},299149
3E5D5DA2-3F30-11E8-A5CB-3FA3753A265A,{'subject': 'None master'},299162
3E72DD76-3F30-11E8-A5CB-3FA3753A265A,{'subject': 'None master'},299163
5BDA7EC1-3F30-11E8-A5CB-3FA3753A265A,{'subject': 'None inetd'},299189
6417CE17-3F30-11E8-A5CB-3FA3753A265A,{'subject': 'None inetd'},299196
7454E56F-3F30-11E8-A5CB-3FA3753A265A,{'subject': 'None master'},299197
E39AA583-3F30-11E8-A5CB-3FA3753A265A,{'subject': 'None inetd'},299232
EEE7FE65-3F30-11E8-A5CB-3FA3753A265A,{'subject': 'None inetd'},299251
EEFED64D-3F30-11E8-A5CB-3FA3753A265A,{'subject': 'None inetd'},299252
FE8328A4-3F30-11E8-A5CB-3FA3753A265A,{'subject': 'None master'},299253
FE8FEE51-3F30-11E8-A5CB-3FA3753A265A,{'subject': 'None master'},299254
FEA1BDF7-3F30-11E8-A5CB-3FA3753A265A,{'subject': 'None master'},299255
FEC0ABF7-3F30-11E8-A5CB-3FA3753A265A,{'subject': 'None master'},299256
FED0F86A-3F30-11E8-A5CB-3FA3753A265A,{'subject': 'None master'},299257
FEF97F31-3F30-11E8-A5CB-3FA3753A265A,{'subject': 'None master'},299258
FF0C84A8-3F30-11E8-A5CB-3FA3753A265A,{'subject': 'None master'},299259
FF1AAB38-3F30-11E8-A5CB-3FA3753A265A,{'subject': 'None master'},299260
37D76F6D-3F31-11E8-A5CB-3FA3753A265A,{'subject': 'None inetd'},299285
37D79B6A-3F31-11E8-A5CB-3FA3753A265A,{'subject': 'None inetd'},299286
6864EB93-3F31-11E8-A5CB-3FA3753A265A,{'subject': 'None inetd'},299301
6BC4C995-3F31-11E8-A5CB-3FA3753A265A,{'subject': 'None inetd'},299308
6BDEB556-3F31-11E8-A5CB-3FA3753A265A,{'subject': 'None inetd'},299309
6C068326-3F31-11E8-A5CB-3FA3753A265A,{'subject': 'None inetd'},299310
7E892E4A-3F31-11E8-A5CB-3FA3753A265A,{'subject': 'None master'},299342
7E96455D-3F31-11E8-A5CB-3FA3753A265A,{'subject': 'None master'},299343
7EA80B5F-3F31-11E8-A5CB-3FA3753A265A,{'subject': 'None master'},299344
7EB66DC4-3F31-11E8-A5CB-3FA3753A265A,{'subject': 'None master'},299345
7EC66AC3-3F31-11E8-A5CB-3FA3753A265A,{'subject': 'None master'},299346
7EE2C4D7-3F31-11E8-A5CB-3FA3753A265A,{'subject': 'None master'},299347
7EF0419B-3F31-11E8-A5CB-3FA3753A265A,{'subject': 'None master'},299348
7EFDB320-3F31-11E8-A5CB-3FA3753A265A,{'subject': 'None master'},299349
822F5D63-3F31-11E8-A5CB-3FA3753A265A,{'subject': 'None inetd'},299354
8591C9AC-3F31-11E8-A5CB-3FA3753A265A,{'subject': 'None inetd'},299359
85A817CB-3F31-11E8-A5CB-3FA3753A265A,{'subject': 'None inetd'},299360
85D4E0DB-3F31-11E8-A5CB-3FA3753A265A,{'subject': 'None inetd'},299361
A09EA7BF-3F31-11E8-A5CB-3FA3753A265A,{'subject': 'None master'},299376
A0AFD68B-3F31-11E8-A5CB-3FA3753A265A,{'subject': 'None master'},299378
D2A2E59E-3F31-11E8-A5CB-3FA3753A265A,{'subject': 'None inetd'},299401
DAD74B71-3F31-11E8-A5CB-3FA3753A265A,{'subject': 'None inetd'},299408
DB5892FD-3F31-11E8-A5CB-3FA3753A265A,{'subject': 'None inetd'},299409
E7FB28D2-3F31-11E8-A5CB-3FA3753A265A,{'subject': 'None master'},299417
E80F2458-3F31-11E8-A5CB-3FA3753A265A,{'subject': 'None master'},299418
E823D870-3F31-11E8-A5CB-3FA3753A265A,{'subject': 'None master'},299419
E83C8C5F-3F31-11E8-A5CB-3FA3753A265A,{'subject': 'None master'},299422
E85CC650-3F31-11E8-A5CB-3FA3753A265A,{'subject': 'None master'},299423
E86AAE6E-3F31-11E8-A5CB-3FA3753A265A,{'subject': 'None master'},299425
E87AFBE1-3F31-11E8-A5CB-3FA3753A265A,{'subject': 'None master'},299426
E88BB5CB-3F31-11E8-A5CB-3FA3753A265A,{'subject': 'None master'},299427
E899091B-3F31-11E8-A5CB-3FA3753A265A,{'subject': 'None master'},299428
F436DC95-3F31-11E8-A5CB-3FA3753A265A,{'subject': 'None inetd'},299433
FC6FDBAE-3F31-11E8-A5CB-3FA3753A265A,{'subject': 'None inetd'},299438
FCF11FDE-3F31-11E8-A5CB-3FA3753A265A,{'subject': 'None inetd'},299439
05A700B3-3F32-11E8-A5CB-3FA3753A265A,{'subject': 'None master'},299440
09FE3A05-3F32-11E8-A5CB-3FA3753A265A,{'subject': 'None inetd'},299441
5058DAE2-3F33-11E8-A5CB-3FA3753A265A,{'subject': 'None inetd'},299577
50E404DA-3F33-11E8-A5CB-3FA3753A265A,{'subject': 'None inetd'},299580
18C5B669-3F35-11E8-A5CB-3FA3753A265A,{'subject': 'None inetd'},299745
1C247395-3F35-11E8-A5CB-3FA3753A265A,{'subject': 'None inetd'},299752
1C3A41A9-3F35-11E8-A5CB-3FA3753A265A,{'subject': 'None inetd'},299753
1C669159-3F35-11E8-A5CB-3FA3753A265A,{'subject': 'None inetd'},299754
37EEBA21-3F35-11E8-A5CB-3FA3753A265A,{'subject': 'None master'},299767
3802928A-3F35-11E8-A5CB-3FA3753A265A,{'subject': 'None master'},299768
3818C190-3F35-11E8-A5CB-3FA3753A265A,{'subject': 'None master'},299769
385D88B2-3F35-11E8-A5CB-3FA3753A265A,{'subject': 'None master'},299770
388F24A8-3F35-11E8-A5CB-3FA3753A265A,{'subject': 'None master'},299771
38EE3EAF-3F35-11E8-A5CB-3FA3753A265A,{'subject': 'None master'},299772
38FECFA1-3F35-11E8-A5CB-3FA3753A265A,{'subject': 'None master'},299773
39100C1F-3F35-11E8-A5CB-3FA3753A265A,{'subject': 'None master'},299774
391FBC5D-3F35-11E8-A5CB-3FA3753A265A,{'subject': 'None master'},299775
68A12AE5-3F35-11E8-A5CB-3FA3753A265A,{'subject': 'None inetd'},299802
68B14349-3F35-11E8-A5CB-3FA3753A265A,{'subject': 'None inetd'},299803
0D35C2EE-3F37-11E8-A5CB-3FA3753A265A,{'subject': 'None inetd'},299962
15721ECE-3F37-11E8-A5CB-3FA3753A265A,{'subject': 'None inetd'},299969
1E76C485-3F37-11E8-A5CB-3FA3753A265A,{'subject': 'None inetd'},299980
21D8AC3A-3F37-11E8-A5CB-3FA3753A265A,{'subject': 'None inetd'},299985
21EEAFA6-3F37-11E8-A5CB-3FA3753A265A,{'subject': 'None inetd'},299986
221B8F15-3F37-11E8-A5CB-3FA3753A265A,{'subject': 'None inetd'},299987
270610EA-3F37-11E8-A5CB-3FA3753A265A,{'subject': 'None master'},299988
2712E08E-3F37-11E8-A5CB-3FA3753A265A,{'subject': 'None master'},299989
2724514C-3F37-11E8-A5CB-3FA3753A265A,{'subject': 'None master'},299990
27619C3D-3F37-11E8-A5CB-3FA3753A265A,{'subject': 'None master'},299991
2779E63A-3F37-11E8-A5CB-3FA3753A265A,{'subject': 'None master'},299992
2797755B-3F37-11E8-A5CB-3FA3753A265A,{'subject': 'None master'},299993
27A7C9E8-3F37-11E8-A5CB-3FA3753A265A,{'subject': 'None master'},299994
27B53223-3F37-11E8-A5CB-3FA3753A265A,{'subject': 'None master'},299995
27C9412B-3F37-11E8-A5CB-3FA3753A265A,{'subject': 'None master'},299996
35ED2542-3F37-11E8-A5CB-3FA3753A265A,{'subject': 'None master'},300001
3683E30A-3F37-11E8-A5CB-3FA3753A265A,{'subject': 'None inetd'},300004
3EB8F234-3F37-11E8-A5CB-3FA3753A265A,{'subject': 'None inetd'},300015
3F38C8EA-3F37-11E8-A5CB-3FA3753A265A,{'subject': 'None inetd'},300016
4C7F4481-3F37-11E8-A5CB-3FA3753A265A,{'subject': 'None master'},300027
997E4FEB-3F39-11E8-A5CB-3FA3753A265A,{'subject': 'None inetd'},300220
9982A1D9-3F39-11E8-A5CB-3FA3753A265A,{'subject': 'None inetd'},300221
BB73902D-3F39-11E8-A5CB-3FA3753A265A,{'subject': 'None inetd'},300244
BED5D0EA-3F39-11E8-A5CB-3FA3753A265A,{'subject': 'None inetd'},300251
BEF01789-3F39-11E8-A5CB-3FA3753A265A,{'subject': 'None inetd'},300252
BF18D25C-3F39-11E8-A5CB-3FA3753A265A,{'subject': 'None inetd'},300253
D53DF0E3-3F39-11E8-A5CB-3FA3753A265A,{'subject': 'None master'},300264
D550556F-3F39-11E8-A5CB-3FA3753A265A,{'subject': 'None master'},300265
D5645B20-3F39-11E8-A5CB-3FA3753A265A,{'subject': 'None master'},300266
D572F4F6-3F39-11E8-A5CB-3FA3753A265A,{'subject': 'None master'},300267
D58AF865-3F39-11E8-A5CB-3FA3753A265A,{'subject': 'None master'},300268
D5A7857B-3F39-11E8-A5CB-3FA3753A265A,{'subject': 'None master'},300269
D5B64431-3F39-11E8-A5CB-3FA3753A265A,{'subject': 'None master'},300270
D5CAA701-3F39-11E8-A5CB-3FA3753A265A,{'subject': 'None master'},300271
D5D8832B-3F39-11E8-A5CB-3FA3753A265A,{'subject': 'None master'},300272
800D270A-3F3A-11E8-A5CB-3FA3753A265A,{'subject': 'None inetd'},300341
800D78D9-3F3A-11E8-A5CB-3FA3753A265A,{'subject': 'None inetd'},300342
80A42932-3F3A-11E8-A5CB-3FA3753A265A,{'subject': 'None master'},300344
80B19E79-3F3A-11E8-A5CB-3FA3753A265A,{'subject': 'None master'},300345
80CA667B-3F3A-11E8-A5CB-3FA3753A265A,{'subject': 'None master'},300346
B22E5F3B-3F3B-11E8-A5CB-3FA3753A265A,{'subject': 'None inetd'},300451
B22EA3FF-3F3B-11E8-A5CB-3FA3753A265A,{'subject': 'None inetd'},300452
5D98FBCE-3F3C-11E8-A5CB-3FA3753A265A,{'subject': 'None master'},300540
75953CA1-3F3D-11E8-A5CB-3FA3753A265A,{'subject': 'None inetd'},300624
78F53A3C-3F3D-11E8-A5CB-3FA3753A265A,{'subject': 'None inetd'},300629
791D8E9B-3F3D-11E8-A5CB-3FA3753A265A,{'subject': 'None inetd'},300630
79755C7C-3F3D-11E8-A5CB-3FA3753A265A,{'subject': 'None inetd'},300631
8FCE603C-3F3D-11E8-A5CB-3FA3753A265A,{'subject': 'None master'},300634
8FDB4319-3F3D-11E8-A5CB-3FA3753A265A,{'subject': 'None master'},300635
8FF58D28-3F3D-11E8-A5CB-3FA3753A265A,{'subject': 'None master'},300636
9004459E-3F3D-11E8-A5CB-3FA3753A265A,{'subject': 'None master'},300637
90156D97-3F3D-11E8-A5CB-3FA3753A265A,{'subject': 'None master'},300638
9031AA06-3F3D-11E8-A5CB-3FA3753A265A,{'subject': 'None master'},300639
903F1AB4-3F3D-11E8-A5CB-3FA3753A265A,{'subject': 'None master'},300640
904C9455-3F3D-11E8-A5CB-3FA3753A265A,{'subject': 'None master'},300641
905C4530-3F3D-11E8-A5CB-3FA3753A265A,{'subject': 'None master'},300642
938D2CE0-3F3D-11E8-A5CB-3FA3753A265A,{'subject': 'None inetd'},300647
96ED5864-3F3D-11E8-A5CB-3FA3753A265A,{'subject': 'None inetd'},300652
97031F3A-3F3D-11E8-A5CB-3FA3753A265A,{'subject': 'None inetd'},300653
972F1BD3-3F3D-11E8-A5CB-3FA3753A265A,{'subject': 'None inetd'},300654
AC56CB5A-3F3D-11E8-A5CB-3FA3753A265A,{'subject': 'None master'},300677
58A9D623-3F3E-11E8-A5CB-3FA3753A265A,{'subject': 'None inetd'},300734
60E06B1E-3F3E-11E8-A5CB-3FA3753A265A,{'subject': 'None inetd'},300741
615ED957-3F3E-11E8-A5CB-3FA3753A265A,{'subject': 'None inetd'},300742
6709B959-3F3E-11E8-A5CB-3FA3753A265A,{'subject': 'None master'},300743
671696D0-3F3E-11E8-A5CB-3FA3753A265A,{'subject': 'None master'},300744
67281029-3F3E-11E8-A5CB-3FA3753A265A,{'subject': 'None master'},300745
6736A334-3F3E-11E8-A5CB-3FA3753A265A,{'subject': 'None master'},300746
67460F2D-3F3E-11E8-A5CB-3FA3753A265A,{'subject': 'None master'},300747
67619C69-3F3E-11E8-A5CB-3FA3753A265A,{'subject': 'None master'},300748
67755CB4-3F3E-11E8-A5CB-3FA3753A265A,{'subject': 'None master'},300749
6787DA2D-3F3E-11E8-A5CB-3FA3753A265A,{'subject': 'None master'},300750
6DF83E8E-3F3E-11E8-A5CB-3FA3753A265A,{'subject': 'None inetd'},300751
7344B261-3F3E-11E8-A5CB-3FA3753A265A,{'subject': 'None inetd'},300777
7B674A85-3F3E-11E8-A5CB-3FA3753A265A,{'subject': 'None inetd'},300782
90D0D1DD-3F3E-11E8-A5CB-3FA3753A265A,{'subject': 'None master'},300783
9770A439-3F3E-11E8-A5CB-3FA3753A265A,{'subject': 'None inetd'},300805
E2E25E72-3F3F-11E8-A5CB-3FA3753A265A,{'subject': 'None inetd'},300984
E2E6E52C-3F3F-11E8-A5CB-3FA3753A265A,{'subject': 'None inetd'},300985
F06C8E74-3F3F-11E8-A5CB-3FA3753A265A,{'subject': 'None inetd'},300998
F3D0CFF8-3F3F-11E8-A5CB-3FA3753A265A,{'subject': 'None inetd'},301005
F3F0043A-3F3F-11E8-A5CB-3FA3753A265A,{'subject': 'None inetd'},301006
F414A570-3F3F-11E8-A5CB-3FA3753A265A,{'subject': 'None inetd'},301007
0D2A6FB3-3F40-11E8-A5CB-3FA3753A265A,{'subject': 'None master'},301018
0D37593C-3F40-11E8-A5CB-3FA3753A265A,{'subject': 'None master'},301019
0D493758-3F40-11E8-A5CB-3FA3753A265A,{'subject': 'None master'},301020
0D8ACCE9-3F40-11E8-A5CB-3FA3753A265A,{'subject': 'None master'},301021
0D9E77C8-3F40-11E8-A5CB-3FA3753A265A,{'subject': 'None master'},301022
0DB9A797-3F40-11E8-A5CB-3FA3753A265A,{'subject': 'None master'},301023
0DCDF495-3F40-11E8-A5CB-3FA3753A265A,{'subject': 'None master'},301024
0DDBBEB6-3F40-11E8-A5CB-3FA3753A265A,{'subject': 'None master'},301025
0DE9B43D-3F40-11E8-A5CB-3FA3753A265A,{'subject': 'None master'},301026
7686B644-3F40-11E8-A5CB-3FA3753A265A,{'subject': 'None inetd'},301080
79E5B33D-3F40-11E8-A5CB-3FA3753A265A,{'subject': 'None inetd'},301086
7A02C957-3F40-11E8-A5CB-3FA3753A265A,{'subject': 'None inetd'},301087
7A27E7E4-3F40-11E8-A5CB-3FA3753A265A,{'subject': 'None inetd'},301088
8D8D7F07-3F40-11E8-A5CB-3FA3753A265A,{'subject': 'None master'},301106
8D9A619F-3F40-11E8-A5CB-3FA3753A265A,{'subject': 'None master'},301107
8DAC32E7-3F40-11E8-A5CB-3FA3753A265A,{'subject': 'None master'},301108
8DBB2F19-3F40-11E8-A5CB-3FA3753A265A,{'subject': 'None master'},301109
8DCB4C89-3F40-11E8-A5CB-3FA3753A265A,{'subject': 'None master'},301110
8DEF71F0-3F40-11E8-A5CB-3FA3753A265A,{'subject': 'None master'},301114
8DFCCE21-3F40-11E8-A5CB-3FA3753A265A,{'subject': 'None master'},301115
8E0A5D5E-3F40-11E8-A5CB-3FA3753A265A,{'subject': 'None master'},301116
8E1E91B2-3F40-11E8-A5CB-3FA3753A265A,{'subject': 'None master'},301117
CD302413-3F41-11E8-A5CB-3FA3753A265A,{'subject': 'None inetd'},301222
D56C7098-3F41-11E8-A5CB-3FA3753A265A,{'subject': 'None inetd'},301239
D5EDF0CA-3F41-11E8-A5CB-3FA3753A265A,{'subject': 'None inetd'},301240
E2F2DABC-3F41-11E8-A5CB-3FA3753A265A,{'subject': 'None master'},301241
E2FFBEB5-3F41-11E8-A5CB-3FA3753A265A,{'subject': 'None master'},301242
E3135B82-3F41-11E8-A5CB-3FA3753A265A,{'subject': 'None master'},301243
E321FAF2-3F41-11E8-A5CB-3FA3753A265A,{'subject': 'None master'},301244
E33260CC-3F41-11E8-A5CB-3FA3753A265A,{'subject': 'None master'},301245
E3543FAA-3F41-11E8-A5CB-3FA3753A265A,{'subject': 'None master'},301246
E366A423-3F41-11E8-A5CB-3FA3753A265A,{'subject': 'None master'},301247
E3745E89-3F41-11E8-A5CB-3FA3753A265A,{'subject': 'None master'},301248
E38293A1-3F41-11E8-A5CB-3FA3753A265A,{'subject': 'None master'},301249
EF150DA1-3F41-11E8-A5CB-3FA3753A265A,{'subject': 'None inetd'},301254
F74EBBA7-3F41-11E8-A5CB-3FA3753A265A,{'subject': 'None inetd'},301269
F7CEF49C-3F41-11E8-A5CB-3FA3753A265A,{'subject': 'None inetd'},301270
FB932B34-3F41-11E8-A5CB-3FA3753A265A,{'subject': 'None inetd'},301271
FB939224-3F41-11E8-A5CB-3FA3753A265A,{'subject': 'None inetd'},301272
04D4E234-3F42-11E8-A5CB-3FA3753A265A,{'subject': 'None master'},301277
66631B7B-3F42-11E8-A5CB-3FA3753A265A,{'subject': 'None inetd'},301326
66945528-3F42-11E8-A5CB-3FA3753A265A,{'subject': 'None master'},301327
66A116C1-3F42-11E8-A5CB-3FA3753A265A,{'subject': 'None master'},301328
66CC0B2E-3F42-11E8-A5CB-3FA3753A265A,{'subject': 'None master'},301329
67F4144A-3F42-11E8-A5CB-3FA3753A265A,{'subject': 'None master'},301330
6827A3B5-3F42-11E8-A5CB-3FA3753A265A,{'subject': 'None master'},301331
68352EC2-3F42-11E8-A5CB-3FA3753A265A,{'subject': 'None master'},301332
68490465-3F42-11E8-A5CB-3FA3753A265A,{'subject': 'None master'},301333
73D7B4F1-3F42-11E8-A5CB-3FA3753A265A,{'subject': 'None inetd'},301334
773C1B27-3F42-11E8-A5CB-3FA3753A265A,{'subject': 'None inetd'},301341
7751AE49-3F42-11E8-A5CB-3FA3753A265A,{'subject': 'None inetd'},301342
777EF3D3-3F42-11E8-A5CB-3FA3753A265A,{'subject': 'None inetd'},301343
806730CC-3F42-11E8-A5CB-3FA3753A265A,{'subject': 'None master'},301345
80673EC6-3F42-11E8-A5CB-3FA3753A265A,{'subject': 'None inetd'},301344
81F0117E-3F42-11E8-A5CB-3FA3753A265A,{'subject': 'None master'},301346
82B750AA-3F42-11E8-A5CB-3FA3753A265A,{'subject': 'None master'},301347
904E05EA-3F42-11E8-A5CB-3FA3753A265A,{'subject': 'None master'},301358
90D00D37-3F42-11E8-A5CB-3FA3753A265A,{'subject': 'None master'},301359
9435C0C9-3F42-11E8-A5CB-3FA3753A265A,{'subject': 'None inetd'},301364
99FA7706-3F42-11E8-A5CB-3FA3753A265A,{'subject': 'None inetd'},301371
9ACE02A5-3F42-11E8-A5CB-3FA3753A265A,{'subject': 'None master'},301372
9ADCA508-3F42-11E8-A5CB-3FA3753A265A,{'subject': 'None master'},301373
9B9FA1F7-3F42-11E8-A5CB-3FA3753A265A,{'subject': 'None master'},301374
9CC8FC28-3F42-11E8-A5CB-3FA3753A265A,{'subject': 'None master'},301375
9F8E5C31-3F42-11E8-A5CB-3FA3753A265A,{'subject': 'None inetd'},301376
9FA9969D-3F42-11E8-A5CB-3FA3753A265A,{'subject': 'None inetd'},301377
AAA5BACD-3F42-11E8-A5CB-3FA3753A265A,{'subject': 'None master'},301382
C3C5A160-3F42-11E8-A5CB-3FA3753A265A,{'subject': 'None inetd'},301393
C508FD77-3F42-11E8-A5CB-3FA3753A265A,{'subject': 'None inetd'},301394
C6BCE451-3F42-11E8-A5CB-3FA3753A265A,{'subject': 'None inetd'},301395
C9341789-3F42-11E8-A5CB-3FA3753A265A,{'subject': 'None inetd'},301396
DBB7084A-3F42-11E8-A5CB-3FA3753A265A,{'subject': 'None inetd'},301417
DBC961D3-3F42-11E8-A5CB-3FA3753A265A,{'subject': 'None master'},301418
DD35536D-3F42-11E8-A5CB-3FA3753A265A,{'subject': 'None master'},301419
DE0EC8BC-3F42-11E8-A5CB-3FA3753A265A,{'subject': 'None master'},301420
F235ADBB-3F42-11E8-A5CB-3FA3753A265A,{'subject': 'None inetd'},301423
F4D54948-3F42-11E8-A5CB-3FA3753A265A,{'subject': 'None master'},301436
F532FB30-3F42-11E8-A5CB-3FA3753A265A,{'subject': 'None inetd'},301437
F656F70F-3F42-11E8-A5CB-3FA3753A265A,{'subject': 'None inetd'},301438
F67ACB09-3F42-11E8-A5CB-3FA3753A265A,{'subject': 'None inetd'},301441
F7316E08-3F42-11E8-A5CB-3FA3753A265A,{'subject': 'None master'},301442
17C7D214-3F43-11E8-A5CB-3FA3753A265A,{'subject': 'None master'},301456
18140889-3F43-11E8-A5CB-3FA3753A265A,{'subject': 'None inetd'},301458
19F4249D-3F43-11E8-A5CB-3FA3753A265A,{'subject': 'None master'},301459
1BCEA64D-3F43-11E8-A5CB-3FA3753A265A,{'subject': 'None inetd'},301460
1DBB602D-3F43-11E8-A5CB-3FA3753A265A,{'subject': 'None inetd'},301463
1FB29DCC-3F43-11E8-A5CB-3FA3753A265A,{'subject': 'None inetd'},301464
22125A90-3F43-11E8-A5CB-3FA3753A265A,{'subject': 'None inetd'},301465
340E4FEB-3F43-11E8-A5CB-3FA3753A265A,{'subject': 'None master'},301478
3B612904-3F43-11E8-A5CB-3FA3753A265A,{'subject': 'None inetd'},301486
3E10DDFB-3F43-11E8-A5CB-3FA3753A265A,{'subject': 'None inetd'},301490
60A8CE77-3F43-11E8-A5CB-3FA3753A265A,{'subject': 'None inetd'},301520
73E95439-3F43-11E8-A5CB-3FA3753A265A,{'subject': 'None inetd'},301528
44C11621-3F44-11E8-A5CB-3FA3753A265A,{'subject': 'None inetd'},301616
44FD03C6-3F44-11E8-A5CB-3FA3753A265A,{'subject': 'None master'},301619
45113A20-3F44-11E8-A5CB-3FA3753A265A,{'subject': 'None master'},301622
4526C9F9-3F44-11E8-A5CB-3FA3753A265A,{'subject': 'None master'},301623
4544210D-3F44-11E8-A5CB-3FA3753A265A,{'subject': 'None inetd'},301624
45543322-3F44-11E8-A5CB-3FA3753A265A,{'subject': 'None master'},301625
46BE421A-3F44-11E8-A5CB-3FA3753A265A,{'subject': 'None master'},301626
46F29894-3F44-11E8-A5CB-3FA3753A265A,{'subject': 'None master'},301627
47002199-3F44-11E8-A5CB-3FA3753A265A,{'subject': 'None master'},301628
470FFD88-3F44-11E8-A5CB-3FA3753A265A,{'subject': 'None master'},301629
479C88C7-3F44-11E8-A5CB-3FA3753A265A,{'subject': 'None inetd'},301630
47D7ECCB-3F44-11E8-A5CB-3FA3753A265A,{'subject': 'None inetd'},301631
4997C52F-3F44-11E8-A5CB-3FA3753A265A,{'subject': 'None inetd'},301632
6770B0B3-3F44-11E8-A5CB-3FA3753A265A,{'subject': 'None inetd'},301649
6791D0B4-3F44-11E8-A5CB-3FA3753A265A,{'subject': 'None master'},301650
69341D5C-3F44-11E8-A5CB-3FA3753A265A,{'subject': 'None master'},301651
69F6152C-3F44-11E8-A5CB-3FA3753A265A,{'subject': 'None inetd'},301652
6C082A3A-3F44-11E8-A5CB-3FA3753A265A,{'subject': 'None inetd'},301653
707B2CCA-3F44-11E8-A5CB-3FA3753A265A,{'subject': 'None master'},301658
756D3982-3F44-11E8-A5CB-3FA3753A265A,{'subject': 'None inetd'},301659
7D42B2FC-3F44-11E8-A5CB-3FA3753A265A,{'subject': 'None inetd'},301682
7DDD2C3C-3F44-11E8-A5CB-3FA3753A265A,{'subject': 'None inetd'},301683
8AB9F4DE-3F44-11E8-A5CB-3FA3753A265A,{'subject': 'None master'},301694
8AE06E20-3F44-11E8-A5CB-3FA3753A265A,{'subject': 'None inetd'},301695
8C7628B4-3F44-11E8-A5CB-3FA3753A265A,{'subject': 'None master'},301696
8D38585F-3F44-11E8-A5CB-3FA3753A265A,{'subject': 'None inetd'},301697
8F0C234E-3F44-11E8-A5CB-3FA3753A265A,{'subject': 'None inetd'},301698
9341A205-3F44-11E8-A5CB-3FA3753A265A,{'subject': 'None master'},301709
B12A2688-3F44-11E8-A5CB-3FA3753A265A,{'subject': 'None inetd'},301735
B576D72B-3F44-11E8-A5CB-3FA3753A265A,{'subject': 'None inetd'},301750
B75F1994-3F44-11E8-A5CB-3FA3753A265A,{'subject': 'None master'},301758
B75F2F71-3F44-11E8-A5CB-3FA3753A265A,{'subject': 'None inetd'},301757
B860AF01-3F44-11E8-A5CB-3FA3753A265A,{'subject': 'None master'},301759
B8D6CC19-3F44-11E8-A5CB-3FA3753A265A,{'subject': 'None inetd'},301760
B8F8CD12-3F44-11E8-A5CB-3FA3753A265A,{'subject': 'None inetd'},301761
B926A595-3F44-11E8-A5CB-3FA3753A265A,{'subject': 'None inetd'},301762
BB48DCA1-3F44-11E8-A5CB-3FA3753A265A,{'subject': 'None master'},301763
CF7074A2-3F44-11E8-A5CB-3FA3753A265A,{'subject': 'None master'},301774
D5BF1E3A-3F44-11E8-A5CB-3FA3753A265A,{'subject': 'None master'},301779
F8701FA3-3F44-11E8-A5CB-3FA3753A265A,{'subject': 'None inetd'},301790
FCB583F3-3F44-11E8-A5CB-3FA3753A265A,{'subject': 'None inetd'},301791
FE97B9BA-3F44-11E8-A5CB-3FA3753A265A,{'subject': 'None inetd'},301792
0091BC07-3F45-11E8-A5CB-3FA3753A265A,{'subject': 'None inetd'},301793
138466F3-3F45-11E8-A5CB-3FA3753A265A,{'subject': 'None master'},301822
139A5A0D-3F45-11E8-A5CB-3FA3753A265A,{'subject': 'None inetd'},301823
151A3674-3F45-11E8-A5CB-3FA3753A265A,{'subject': 'None master'},301824
28F33962-3F45-11E8-A5CB-3FA3753A265A,{'subject': 'None inetd'},301825
2D663486-3F45-11E8-A5CB-3FA3753A265A,{'subject': 'None inetd'},301832
2ECC7E42-3F45-11E8-A5CB-3FA3753A265A,{'subject': 'None master'},301835
3F853C70-3F45-11E8-A5CB-3FA3753A265A,{'subject': 'None inetd'},301848
3F9FA755-3F45-11E8-A5CB-3FA3753A265A,{'subject': 'None inetd'},301849
503E8A7B-3F45-11E8-A5CB-3FA3753A265A,{'subject': 'None inetd'},301852
5466B468-3F45-11E8-A5CB-3FA3753A265A,{'subject': 'None inetd'},301853
5651D9E8-3F45-11E8-A5CB-3FA3753A265A,{'subject': 'None inetd'},301854
586A3784-3F45-11E8-A5CB-3FA3753A265A,{'subject': 'None inetd'},301862
5A415347-3F45-11E8-A5CB-3FA3753A265A,{'subject': 'None inetd'},301866
6B22952D-3F45-11E8-A5CB-3FA3753A265A,{'subject': 'None master'},301877
6B2F4C48-3F45-11E8-A5CB-3FA3753A265A,{'subject': 'None inetd'},301878
6DC9E09E-3F45-11E8-A5CB-3FA3753A265A,{'subject': 'None master'},301879
937B6826-3F45-11E8-A5CB-3FA3753A265A,{'subject': 'None inetd'},301890
95D6A4E4-3F45-11E8-A5CB-3FA3753A265A,{'subject': 'None inetd'},301891
96BD1B8B-3F45-11E8-A5CB-3FA3753A265A,{'subject': 'None inetd'},301902
99B04BD5-3F45-11E8-A5CB-3FA3753A265A,{'subject': 'None master'},301903
9B6F5C92-3F45-11E8-A5CB-3FA3753A265A,{'subject': 'None inetd'},301906
BEDA8EDC-3F45-11E8-A5CB-3FA3753A265A,{'subject': 'None inetd'},301921
C0CF50A7-3F45-11E8-A5CB-3FA3753A265A,{'subject': 'None inetd'},301922
66A7907B-3F46-11E8-A5CB-3FA3753A265A,{'subject': 'None inetd'},302003
6CA09B6E-3F46-11E8-A5CB-3FA3753A265A,{'subject': 'None inetd'},302010
9EA5D247-3F46-11E8-A5CB-3FA3753A265A,{'subject': 'None master'},302044
9EDE6E35-3F46-11E8-A5CB-3FA3753A265A,{'subject': 'None master'},302045
9EF2B807-3F46-11E8-A5CB-3FA3753A265A,{'subject': 'None master'},302046
9F09858A-3F46-11E8-A5CB-3FA3753A265A,{'subject': 'None master'},302047
9F1CE20F-3F46-11E8-A5CB-3FA3753A265A,{'subject': 'None master'},302048
A58CFA99-3F46-11E8-A5CB-3FA3753A265A,{'subject': 'None inetd'},302049
C35EAD79-3F46-11E8-A5CB-3FA3753A265A,{'subject': 'None inetd'},302064
F07F4D76-3F46-11E8-A5CB-3FA3753A265A,{'subject': 'None inetd'},302077
0D41A45F-3F47-11E8-A5CB-3FA3753A265A,{'subject': 'None inetd'},302107
43CF3384-3F47-11E8-A5CB-3FA3753A265A,{'subject': 'None inetd'},302122
8B13B4C7-3F47-11E8-A5CB-3FA3753A265A,{'subject': 'None master'},302157
8B13F2F0-3F47-11E8-A5CB-3FA3753A265A,{'subject': 'None inetd'},302156
8B141F8B-3F47-11E8-A5CB-3FA3753A265A,{'subject': 'None inetd'},302155
8B28FB87-3F47-11E8-A5CB-3FA3753A265A,{'subject': 'None master'},302159
8B3AD6B2-3F47-11E8-A5CB-3FA3753A265A,{'subject': 'None master'},302160
D91695D9-3F47-11E8-A5CB-3FA3753A265A,{'subject': 'None inetd'},302193
44992ECA-3F48-11E8-A5CB-3FA3753A265A,{'subject': 'None inetd'},302252
44AADCC9-3F48-11E8-A5CB-3FA3753A265A,{'subject': 'None inetd'},302253
6211E0A6-3F48-11E8-A5CB-3FA3753A265A,{'subject': 'None inetd'},302266
27BA3653-3F49-11E8-A5CB-3FA3753A265A,{'subject': 'None master'},302357
27C7178F-3F49-11E8-A5CB-3FA3753A265A,{'subject': 'None master'},302358
27DA17D5-3F49-11E8-A5CB-3FA3753A265A,{'subject': 'None master'},302359
27E9FFD9-3F49-11E8-A5CB-3FA3753A265A,{'subject': 'None master'},302360
27F9EBEB-3F49-11E8-A5CB-3FA3753A265A,{'subject': 'None master'},302361
281F9A22-3F49-11E8-A5CB-3FA3753A265A,{'subject': 'None master'},302362
282E0730-3F49-11E8-A5CB-3FA3753A265A,{'subject': 'None master'},302363
283D7574-3F49-11E8-A5CB-3FA3753A265A,{'subject': 'None master'},302364
284C7A72-3F49-11E8-A5CB-3FA3753A265A,{'subject': 'None master'},302365
DC76F6A2-3F49-11E8-A5CB-3FA3753A265A,{'subject': 'None inetd'},302439
E4A922F5-3F49-11E8-A5CB-3FA3753A265A,{'subject': 'None inetd'},302444
E5295F4F-3F49-11E8-A5CB-3FA3753A265A,{'subject': 'None inetd'},302445
F2B8BCDB-3F49-11E8-A5CB-3FA3753A265A,{'subject': 'None master'},302446
F2C64EA3-3F49-11E8-A5CB-3FA3753A265A,{'subject': 'None master'},302447
F2DA85D8-3F49-11E8-A5CB-3FA3753A265A,{'subject': 'None master'},302448
F2E8E9BD-3F49-11E8-A5CB-3FA3753A265A,{'subject': 'None master'},302449
F2FEA59A-3F49-11E8-A5CB-3FA3753A265A,{'subject': 'None master'},302450
F31CA387-3F49-11E8-A5CB-3FA3753A265A,{'subject': 'None master'},302451
F32FCDC9-3F49-11E8-A5CB-3FA3753A265A,{'subject': 'None master'},302452
F3472B52-3F49-11E8-A5CB-3FA3753A265A,{'subject': 'None master'},302453
F6CC01A5-3F49-11E8-A5CB-3FA3753A265A,{'subject': 'None inetd'},302454
57E5BA97-3F4A-11E8-A5CB-3FA3753A265A,{'subject': 'None master'},302491
5D29BB5E-3F4A-11E8-A5CB-3FA3753A265A,{'subject': 'None inetd'},302492
5D41D30C-3F4A-11E8-A5CB-3FA3753A265A,{'subject': 'None inetd'},302493
B8C01435-3F4A-11E8-A5CB-3FA3753A265A,{'subject': 'None inetd'},302540
51C192B8-3F4B-11E8-A5CB-3FA3753A265A,{'subject': 'None inetd'},302604
59FC6EE1-3F4B-11E8-A5CB-3FA3753A265A,{'subject': 'None inetd'},302609
60B724D2-3F4B-11E8-A5CB-3FA3753A265A,{'subject': 'None master'},302610
60C40697-3F4B-11E8-A5CB-3FA3753A265A,{'subject': 'None master'},302611
60DECEE8-3F4B-11E8-A5CB-3FA3753A265A,{'subject': 'None master'},302612
60EF46CB-3F4B-11E8-A5CB-3FA3753A265A,{'subject': 'None master'},302613
6100A0D3-3F4B-11E8-A5CB-3FA3753A265A,{'subject': 'None master'},302614
61206C3C-3F4B-11E8-A5CB-3FA3753A265A,{'subject': 'None master'},302615
612DE9F4-3F4B-11E8-A5CB-3FA3753A265A,{'subject': 'None master'},302616
61447A09-3F4B-11E8-A5CB-3FA3753A265A,{'subject': 'None master'},302617
6708C130-3F4B-11E8-A5CB-3FA3753A265A,{'subject': 'None inetd'},302625
BF022FFA-3F4D-11E8-A5CB-3FA3753A265A,{'subject': 'None inetd'},302863
CA48B4E1-3F4D-11E8-A5CB-3FA3753A265A,{'subject': 'None inetd'},302870
DBE014F4-3F4D-11E8-A5CB-3FA3753A265A,{'subject': 'None master'},302881
DBF30D90-3F4D-11E8-A5CB-3FA3753A265A,{'subject': 'None master'},302882
DC06DAE6-3F4D-11E8-A5CB-3FA3753A265A,{'subject': 'None master'},302883
DC370998-3F4D-11E8-A5CB-3FA3753A265A,{'subject': 'None master'},302884
DC471138-3F4D-11E8-A5CB-3FA3753A265A,{'subject': 'None master'},302885
DC6DAA3A-3F4D-11E8-A5CB-3FA3753A265A,{'subject': 'None master'},302886
DC7E8458-3F4D-11E8-A5CB-3FA3753A265A,{'subject': 'None master'},302887
DC918D40-3F4D-11E8-A5CB-3FA3753A265A,{'subject': 'None master'},302888
8DFDA1AB-3F4E-11E8-A5CB-3FA3753A265A,{'subject': 'None inetd'},302957
8E1E5409-3F4E-11E8-A5CB-3FA3753A265A,{'subject': 'None inetd'},302958
BEFFC05D-3F52-11E8-A5CB-3FA3753A265A,{'subject': 'None inetd'},303330
BF0BD068-3F52-11E8-A5CB-3FA3753A265A,{'subject': 'None inetd'},303331
9EDFCA57-3F55-11E8-A5CB-3FA3753A265A,{'subject': 'None inetd'},303616
A24C2043-3F55-11E8-A5CB-3FA3753A265A,{'subject': 'None inetd'},303623
A268E936-3F55-11E8-A5CB-3FA3753A265A,{'subject': 'None inetd'},303624
A2908182-3F55-11E8-A5CB-3FA3753A265A,{'subject': 'None inetd'},303625
BA556BCA-3F55-11E8-A5CB-3FA3753A265A,{'subject': 'None master'},303636
BA6248A9-3F55-11E8-A5CB-3FA3753A265A,{'subject': 'None master'},303637
BA7453F6-3F55-11E8-A5CB-3FA3753A265A,{'subject': 'None master'},303638
BAA61C32-3F55-11E8-A5CB-3FA3753A265A,{'subject': 'None master'},303639
BAB63BFB-3F55-11E8-A5CB-3FA3753A265A,{'subject': 'None master'},303640
BAD54ED5-3F55-11E8-A5CB-3FA3753A265A,{'subject': 'None master'},303641
BAE6180D-3F55-11E8-A5CB-3FA3753A265A,{'subject': 'None master'},303642
BAF60E7D-3F55-11E8-A5CB-3FA3753A265A,{'subject': 'None master'},303643
F0121108-3F56-11E8-A5CB-3FA3753A265A,{'subject': 'None inetd'},303763
F0A6480B-3F56-11E8-A5CB-3FA3753A265A,{'subject': 'None inetd'},303764
15EDA8CB-3F57-11E8-A5CB-3FA3753A265A,{'subject': 'None inetd'},303791
1603248F-3F57-11E8-A5CB-3FA3753A265A,{'subject': 'None master'},303792
16110865-3F57-11E8-A5CB-3FA3753A265A,{'subject': 'None master'},303793
1623227C-3F57-11E8-A5CB-3FA3753A265A,{'subject': 'None master'},303794
16422A9E-3F57-11E8-A5CB-3FA3753A265A,{'subject': 'None master'},303795
177C42EA-3F57-11E8-A5CB-3FA3753A265A,{'subject': 'None master'},303800
17C4AAD7-3F57-11E8-A5CB-3FA3753A265A,{'subject': 'None master'},303801
17D6D839-3F57-11E8-A5CB-3FA3753A265A,{'subject': 'None master'},303805
17EB3DB7-3F57-11E8-A5CB-3FA3753A265A,{'subject': 'None master'},303806
17FE0A78-3F57-11E8-A5CB-3FA3753A265A,{'subject': 'None master'},303807
390AECD1-3F57-11E8-A5CB-3FA3753A265A,{'subject': 'None master'},303811
3A8EC370-3F57-11E8-A5CB-3FA3753A265A,{'subject': 'None inetd'},303812
3BE48662-3F57-11E8-A5CB-3FA3753A265A,{'subject': 'None inetd'},303819
41EB3CA1-3F57-11E8-A5CB-3FA3753A265A,{'subject': 'None master'},303838
4205659E-3F57-11E8-A5CB-3FA3753A265A,{'subject': 'None inetd'},303839
4355030A-3F57-11E8-A5CB-3FA3753A265A,{'subject': 'None master'},303840
5B88D186-3F57-11E8-A5CB-3FA3753A265A,{'subject': 'None master'},303844
5B909CA6-3F57-11E8-A5CB-3FA3753A265A,{'subject': 'None inetd'},303845
5D20575B-3F57-11E8-A5CB-3FA3753A265A,{'subject': 'None master'},303846
5DE6EE18-3F57-11E8-A5CB-3FA3753A265A,{'subject': 'None master'},303847
81E94161-3F57-11E8-A5CB-3FA3753A265A,{'subject': 'None master'},303858
8380A277-3F57-11E8-A5CB-3FA3753A265A,{'subject': 'None inetd'},303863
851B84AE-3F57-11E8-A5CB-3FA3753A265A,{'subject': 'None inetd'},303870
8708C99A-3F57-11E8-A5CB-3FA3753A265A,{'subject': 'None inetd'},303871
A2F7A48D-3F57-11E8-A5CB-3FA3753A265A,{'subject': 'None master'},303886
A31C84CC-3F57-11E8-A5CB-3FA3753A265A,{'subject': 'None inetd'},303887
A48F68CC-3F57-11E8-A5CB-3FA3753A265A,{'subject': 'None master'},303888
A4C21864-3F57-11E8-A5CB-3FA3753A265A,{'subject': 'None master'},303889
A4CF83B3-3F57-11E8-A5CB-3FA3753A265A,{'subject': 'None master'},303890
A4DD3111-3F57-11E8-A5CB-3FA3753A265A,{'subject': 'None master'},303891
A587D19D-3F57-11E8-A5CB-3FA3753A265A,{'subject': 'None master'},303892
C9AA5C8D-3F57-11E8-A5CB-3FA3753A265A,{'subject': 'None master'},303903
DFF18922-3F57-11E8-A5CB-3FA3753A265A,{'subject': 'None inetd'},303922
E95E2946-3F57-11E8-A5CB-3FA3753A265A,{'subject': 'None inetd'},303929
F2D034FB-3F57-11E8-A5CB-3FA3753A265A,{'subject': 'None master'},303940
F2F6C4CB-3F57-11E8-A5CB-3FA3753A265A,{'subject': 'None master'},303941
F308D246-3F57-11E8-A5CB-3FA3753A265A,{'subject': 'None master'},303942
F31F4C61-3F57-11E8-A5CB-3FA3753A265A,{'subject': 'None master'},303943
F32D34FB-3F57-11E8-A5CB-3FA3753A265A,{'subject': 'None master'},303944
51F51278-3F58-11E8-A5CB-3FA3753A265A,{'subject': 'None master'},303971
09D8A032-3F59-11E8-A5CB-3FA3753A265A,{'subject': 'None inetd'},304036
09F32AE2-3F59-11E8-A5CB-3FA3753A265A,{'subject': 'None inetd'},304037
0BB21945-3F59-11E8-A5CB-3FA3753A265A,{'subject': 'None inetd'},304047
3510610D-3F59-11E8-A5CB-3FA3753A265A,{'subject': 'None inetd'},304069
3D458198-3F59-11E8-A5CB-3FA3753A265A,{'subject': 'None inetd'},304077
3DC57FE4-3F59-11E8-A5CB-3FA3753A265A,{'subject': 'None inetd'},304078
4E4F3C1C-3F59-11E8-A5CB-3FA3753A265A,{'subject': 'None master'},304079
4E6B6ED4-3F59-11E8-A5CB-3FA3753A265A,{'subject': 'None master'},304080
4E8712F6-3F59-11E8-A5CB-3FA3753A265A,{'subject': 'None master'},304081
4E948C70-3F59-11E8-A5CB-3FA3753A265A,{'subject': 'None master'},304082
4EA2A7C5-3F59-11E8-A5CB-3FA3753A265A,{'subject': 'None master'},304083
910F5EA4-3F59-11E8-A5CB-3FA3753A265A,{'subject': 'None inetd'},304110
93E95E99-3F59-11E8-A5CB-3FA3753A265A,{'subject': 'None inetd'},304117
9751EC12-3F59-11E8-A5CB-3FA3753A265A,{'subject': 'None inetd'},304124
9767E1CA-3F59-11E8-A5CB-3FA3753A265A,{'subject': 'None inetd'},304125
9793C986-3F59-11E8-A5CB-3FA3753A265A,{'subject': 'None inetd'},304126
9C615A24-3F59-11E8-A5CB-3FA3753A265A,{'subject': 'None inetd'},304128
9C8191BB-3F59-11E8-A5CB-3FA3753A265A,{'subject': 'None inetd'},304129
AB41A27E-3F59-11E8-A5CB-3FA3753A265A,{'subject': 'None master'},304141
AB52FFF7-3F59-11E8-A5CB-3FA3753A265A,{'subject': 'None master'},304142
AB7194A5-3F59-11E8-A5CB-3FA3753A265A,{'subject': 'None master'},304143
AB821072-3F59-11E8-A5CB-3FA3753A265A,{'subject': 'None master'},304144
AB93B56A-3F59-11E8-A5CB-3FA3753A265A,{'subject': 'None master'},304145
ABA51257-3F59-11E8-A5CB-3FA3753A265A,{'subject': 'None master'},304146
AD9792E5-3F59-11E8-A5CB-3FA3753A265A,{'subject': 'None master'},304151
B11EE2D4-3F59-11E8-A5CB-3FA3753A265A,{'subject': 'None inetd'},304156
B12DDCA1-3F59-11E8-A5CB-3FA3753A265A,{'subject': 'None inetd'},304157
B493BBBE-3F59-11E8-A5CB-3FA3753A265A,{'subject': 'None inetd'},304168
B4A9DB3F-3F59-11E8-A5CB-3FA3753A265A,{'subject': 'None inetd'},304169
B4D561BF-3F59-11E8-A5CB-3FA3753A265A,{'subject': 'None inetd'},304170
BC733C5C-3F59-11E8-A5CB-3FA3753A265A,{'subject': 'None inetd'},304171
BC9516A2-3F59-11E8-A5CB-3FA3753A265A,{'subject': 'None inetd'},304172
CBBF7678-3F59-11E8-A5CB-3FA3753A265A,{'subject': 'None master'},304191
CF1C3B02-3F59-11E8-A5CB-3FA3753A265A,{'subject': 'None master'},304196
5A6C2DAF-3F5A-11E8-A5CB-3FA3753A265A,{'subject': 'None inetd'},304255
62A6F0A1-3F5A-11E8-A5CB-3FA3753A265A,{'subject': 'None inetd'},304262
63257AFC-3F5A-11E8-A5CB-3FA3753A265A,{'subject': 'None inetd'},304263
71A7CBA8-3F5A-11E8-A5CB-3FA3753A265A,{'subject': 'None master'},304264
71B4BE46-3F5A-11E8-A5CB-3FA3753A265A,{'subject': 'None master'},304265
71C684AA-3F5A-11E8-A5CB-3FA3753A265A,{'subject': 'None master'},304266
71D986BD-3F5A-11E8-A5CB-3FA3753A265A,{'subject': 'None master'},304267
71E97D43-3F5A-11E8-A5CB-3FA3753A265A,{'subject': 'None master'},304268
7208279C-3F5A-11E8-A5CB-3FA3753A265A,{'subject': 'None master'},304269
7216BD4D-3F5A-11E8-A5CB-3FA3753A265A,{'subject': 'None master'},304270
7226FC67-3F5A-11E8-A5CB-3FA3753A265A,{'subject': 'None master'},304271
2080ED71-3F5B-11E8-A5CB-3FA3753A265A,{'subject': 'None inetd'},304336
20913FAD-3F5B-11E8-A5CB-3FA3753A265A,{'subject': 'None inetd'},304337
908501C9-3F5B-11E8-A5CB-3FA3753A265A,{'subject': 'None inetd'},304386
93F192FC-3F5B-11E8-A5CB-3FA3753A265A,{'subject': 'None inetd'},304393
9407D1CF-3F5B-11E8-A5CB-3FA3753A265A,{'subject': 'None inetd'},304394
943427D3-3F5B-11E8-A5CB-3FA3753A265A,{'subject': 'None inetd'},304395
A9A428EE-3F5B-11E8-A5CB-3FA3753A265A,{'subject': 'None master'},304406
A9B101FA-3F5B-11E8-A5CB-3FA3753A265A,{'subject': 'None master'},304407
A9C4AAA8-3F5B-11E8-A5CB-3FA3753A265A,{'subject': 'None master'},304408
A9D40212-3F5B-11E8-A5CB-3FA3753A265A,{'subject': 'None master'},304409
A9E3FFF9-3F5B-11E8-A5CB-3FA3753A265A,{'subject': 'None master'},304410
AA0D0550-3F5B-11E8-A5CB-3FA3753A265A,{'subject': 'None master'},304411
AA23F623-3F5B-11E8-A5CB-3FA3753A265A,{'subject': 'None master'},304412
AA35B682-3F5B-11E8-A5CB-3FA3753A265A,{'subject': 'None master'},304413
8BC0B381-3F5C-11E8-A5CB-3FA3753A265A,{'subject': 'None inetd'},304488
8F27FEF7-3F5C-11E8-A5CB-3FA3753A265A,{'subject': 'None inetd'},304493
8F3DBC75-3F5C-11E8-A5CB-3FA3753A265A,{'subject': 'None inetd'},304494
8F69CA04-3F5C-11E8-A5CB-3FA3753A265A,{'subject': 'None inetd'},304495
391243AE-3F5D-11E8-A5CB-3FA3753A265A,{'subject': 'None inetd'},304597
391DF15C-3F5D-11E8-A5CB-3FA3753A265A,{'subject': 'None inetd'},304598
06D78A24-3F5E-11E8-A5CB-3FA3753A265A,{'subject': 'None master'},304725
06E44FB9-3F5E-11E8-A5CB-3FA3753A265A,{'subject': 'None master'},304726
06F6D2BF-3F5E-11E8-A5CB-3FA3753A265A,{'subject': 'None master'},304727
07199F3B-3F5E-11E8-A5CB-3FA3753A265A,{'subject': 'None inetd'},304728
0721CD4E-3F5E-11E8-A5CB-3FA3753A265A,{'subject': 'None master'},304729
0965788C-3F5E-11E8-A5CB-3FA3753A265A,{'subject': 'None master'},304730
0998FDCC-3F5E-11E8-A5CB-3FA3753A265A,{'subject': 'None master'},304731
09A60277-3F5E-11E8-A5CB-3FA3753A265A,{'subject': 'None master'},304732
09B78D33-3F5E-11E8-A5CB-3FA3753A265A,{'subject': 'None master'},304733
09C7DA4F-3F5E-11E8-A5CB-3FA3753A265A,{'subject': 'None master'},304734
2A26AF98-3F5E-11E8-A5CB-3FA3753A265A,{'subject': 'None master'},304757
2C458C6F-3F5E-11E8-A5CB-3FA3753A265A,{'subject': 'None inetd'},304758
2D6E509D-3F5E-11E8-A5CB-3FA3753A265A,{'subject': 'None inetd'},304759
3327BB58-3F5E-11E8-A5CB-3FA3753A265A,{'subject': 'None inetd'},304770
334300C2-3F5E-11E8-A5CB-3FA3753A265A,{'subject': 'None master'},304771
34A767F2-3F5E-11E8-A5CB-3FA3753A265A,{'subject': 'None master'},304772
4D03CA41-3F5E-11E8-A5CB-3FA3753A265A,{'subject': 'None master'},304797
4D1DE665-3F5E-11E8-A5CB-3FA3753A265A,{'subject': 'None inetd'},304798
4EB4DE20-3F5E-11E8-A5CB-3FA3753A265A,{'subject': 'None master'},304799
4F89835A-3F5E-11E8-A5CB-3FA3753A265A,{'subject': 'None master'},304800
66B419F5-3F5E-11E8-A5CB-3FA3753A265A,{'subject': 'None master'},304805
66DB66D5-3F5E-11E8-A5CB-3FA3753A265A,{'subject': 'None inetd'},304806
6856E714-3F5E-11E8-A5CB-3FA3753A265A,{'subject': 'None master'},304807
69235E26-3F5E-11E8-A5CB-3FA3753A265A,{'subject': 'None master'},304808
8D3B67BF-3F5E-11E8-A5CB-3FA3753A265A,{'subject': 'None master'},304830
8F408BC9-3F5E-11E8-A5CB-3FA3753A265A,{'subject': 'None inetd'},304835
918E49D9-3F5E-11E8-A5CB-3FA3753A265A,{'subject': 'None inetd'},304842
93712B5D-3F5E-11E8-A5CB-3FA3753A265A,{'subject': 'None inetd'},304843
9529BB94-3F5E-11E8-A5CB-3FA3753A265A,{'subject': 'None inetd'},304844
B0985E34-3F5E-11E8-A5CB-3FA3753A265A,{'subject': 'None master'},304867
B0CA2FFB-3F5E-11E8-A5CB-3FA3753A265A,{'subject': 'None inetd'},304868
B21C2834-3F5E-11E8-A5CB-3FA3753A265A,{'subject': 'None master'},304869
B24E4000-3F5E-11E8-A5CB-3FA3753A265A,{'subject': 'None master'},304872
B25B6734-3F5E-11E8-A5CB-3FA3753A265A,{'subject': 'None master'},304873
B26952A7-3F5E-11E8-A5CB-3FA3753A265A,{'subject': 'None master'},304874
B27C6D07-3F5E-11E8-A5CB-3FA3753A265A,{'subject': 'None master'},304875
B326376A-3F5E-11E8-A5CB-3FA3753A265A,{'subject': 'None master'},304878
CAD998C0-3F5E-11E8-A5CB-3FA3753A265A,{'subject': 'None inetd'},304895
CC27960C-3F5E-11E8-A5CB-3FA3753A265A,{'subject': 'None master'},304896
CECE3E47-3F5E-11E8-A5CB-3FA3753A265A,{'subject': 'None master'},304897
E4356658-3F5E-11E8-A5CB-3FA3753A265A,{'subject': 'None inetd'},304908
E5A5D783-3F5E-11E8-A5CB-3FA3753A265A,{'subject': 'None master'},304909
E66E4571-3F5E-11E8-A5CB-3FA3753A265A,{'subject': 'None master'},304910
E89A608F-3F5E-11E8-A5CB-3FA3753A265A,{'subject': 'None inetd'},304911
F0D06DD8-3F5E-11E8-A5CB-3FA3753A265A,{'subject': 'None inetd'},304920
F1506A24-3F5E-11E8-A5CB-3FA3753A265A,{'subject': 'None inetd'},304921
FDE8879E-3F5E-11E8-A5CB-3FA3753A265A,{'subject': 'None inetd'},304932
FE81748D-3F5E-11E8-A5CB-3FA3753A265A,{'subject': 'None master'},304933
FEBD7908-3F5E-11E8-A5CB-3FA3753A265A,{'subject': 'None master'},304934
FF956074-3F5E-11E8-A5CB-3FA3753A265A,{'subject': 'None master'},304935
02DBFD15-3F5F-11E8-A5CB-3FA3753A265A,{'subject': 'None inetd'},304936
20DCB00B-3F5F-11E8-A5CB-3FA3753A265A,{'subject': 'None inetd'},304955
25614D67-3F5F-11E8-A5CB-3FA3753A265A,{'subject': 'None inetd'},304956
273A9549-3F5F-11E8-A5CB-3FA3753A265A,{'subject': 'None inetd'},304957
299F66F8-3F5F-11E8-A5CB-3FA3753A265A,{'subject': 'None inetd'},304958
2B78A528-3F5F-11E8-A5CB-3FA3753A265A,{'subject': 'None inetd'},304971
2D826360-3F5F-11E8-A5CB-3FA3753A265A,{'subject': 'None inetd'},304972
2F691FF3-3F5F-11E8-A5CB-3FA3753A265A,{'subject': 'None inetd'},304973
3B28546C-3F5F-11E8-A5CB-3FA3753A265A,{'subject': 'None inetd'},304986
3F59CF22-3F5F-11E8-A5CB-3FA3753A265A,{'subject': 'None inetd'},304987
3F98644B-3F5F-11E8-A5CB-3FA3753A265A,{'subject': 'None inetd'},304988
41865314-3F5F-11E8-A5CB-3FA3753A265A,{'subject': 'None inetd'},304989
545DF327-3F5F-11E8-A5CB-3FA3753A265A,{'subject': 'None inetd'},305004
55F42D89-3F5F-11E8-A5CB-3FA3753A265A,{'subject': 'None master'},305005
56E93B99-3F5F-11E8-A5CB-3FA3753A265A,{'subject': 'None master'},305008
56FC1599-3F5F-11E8-A5CB-3FA3753A265A,{'subject': 'None inetd'},305009
6248474B-3F5F-11E8-A5CB-3FA3753A265A,{'subject': 'None inetd'},305016
626BA7E8-3F5F-11E8-A5CB-3FA3753A265A,{'subject': 'None inetd'},305017
7D272963-3F5F-11E8-A5CB-3FA3753A265A,{'subject': 'None inetd'},305044
7F8F3E18-3F5F-11E8-A5CB-3FA3753A265A,{'subject': 'None inetd'},305045
06D63AE1-3F61-11E8-A5CB-3FA3753A265A,{'subject': 'None inetd'},305220
122B9E03-3F61-11E8-A5CB-3FA3753A265A,{'subject': 'None inetd'},305225
12521842-3F61-11E8-A5CB-3FA3753A265A,{'subject': 'None inetd'},305226
288278BC-3F61-11E8-A5CB-3FA3753A265A,{'subject': 'None master'},305239
288FF72A-3F61-11E8-A5CB-3FA3753A265A,{'subject': 'None master'},305240
28A1F849-3F61-11E8-A5CB-3FA3753A265A,{'subject': 'None master'},305241
28EE53B3-3F61-11E8-A5CB-3FA3753A265A,{'subject': 'None master'},305242
291847DF-3F61-11E8-A5CB-3FA3753A265A,{'subject': 'None master'},305243
294F0C18-3F61-11E8-A5CB-3FA3753A265A,{'subject': 'None master'},305244
2963DC74-3F61-11E8-A5CB-3FA3753A265A,{'subject': 'None master'},305245
297362C9-3F61-11E8-A5CB-3FA3753A265A,{'subject': 'None master'},305246
29812449-3F61-11E8-A5CB-3FA3753A265A,{'subject': 'None master'},305247
28EA7D80-3F62-11E8-A5CB-3FA3753A265A,{'subject': 'None inetd'},305370
343F9799-3F62-11E8-A5CB-3FA3753A265A,{'subject': 'None inetd'},305375
3459F0B0-3F62-11E8-A5CB-3FA3753A265A,{'subject': 'None inetd'},305376
412D97EB-3F62-11E8-A5CB-3FA3753A265A,{'subject': 'None master'},305399
413A7992-3F62-11E8-A5CB-3FA3753A265A,{'subject': 'None master'},305400
41536BCC-3F62-11E8-A5CB-3FA3753A265A,{'subject': 'None master'},305401
4161636C-3F62-11E8-A5CB-3FA3753A265A,{'subject': 'None master'},305402
4171126D-3F62-11E8-A5CB-3FA3753A265A,{'subject': 'None master'},305403
418E4000-3F62-11E8-A5CB-3FA3753A265A,{'subject': 'None master'},305404
419DFD2B-3F62-11E8-A5CB-3FA3753A265A,{'subject': 'None master'},305405
41ADE1D5-3F62-11E8-A5CB-3FA3753A265A,{'subject': 'None master'},305406
A363A86C-3F62-11E8-A5CB-3FA3753A265A,{'subject': 'None inetd'},305454
2CA83801-3E80-11E8-A5CB-3FA3753A265A,{'subject': 'None sshd'},281648
